datetime,Open,High,Low,Close,Volume,avg_prices,sma_close
2025-04-15 09:15:00,770.0,770.0,757.1,761.4,340759,764.625,
2025-04-15 09:16:00,762.0,763.9,761.9,763.5,74722,762.825,
2025-04-15 09:17:00,763.7,765.45,763.5,764.9,68749,764.3875,
2025-04-15 09:18:00,765.1,766.5,764.5,764.9,83903,765.25,
2025-04-15 09:19:00,764.5,765.45,764.35,765.3,27769,764.9000000000001,764.0
2025-04-15 09:20:00,765.35,765.9,764.75,764.9,26174,765.225,764.7
2025-04-15 09:21:00,764.8,766.4,764.8,766.4,38343,765.6,765.28
2025-04-15 09:22:00,766.15,766.4,764.8,765.3,31915,765.6624999999999,765.36
2025-04-15 09:23:00,765.3,765.5,764.75,765.2,23331,765.1875,765.42
2025-04-15 09:24:00,765.2,766.0,764.75,765.6,38502,765.3874999999999,765.4799999999999
2025-04-15 09:25:00,765.7,765.85,763.8,764.0,32771,764.8375000000001,765.3
2025-04-15 09:26:00,764.0,764.25,763.5,763.75,25592,763.875,764.7700000000001
2025-04-15 09:27:00,763.75,764.8,763.55,764.8,62281,764.2249999999999,764.67
2025-04-15 09:28:00,764.85,767.1,764.75,766.05,62012,765.6875,764.8399999999999
2025-04-15 09:29:00,766.2,766.9,765.45,766.5,55603,766.2625,765.0199999999999
2025-04-15 09:30:00,766.7,768.0,766.6,766.7,49748,767.0,765.56
2025-04-15 09:31:00,766.6,767.35,766.35,766.5,36010,766.7,766.11
2025-04-15 09:32:00,766.75,766.8,766.0,766.6,21802,766.5375,766.47
2025-04-15 09:33:00,766.9,767.0,765.7,765.9,22715,766.3750000000001,766.44
2025-04-15 09:34:00,765.95,766.0,765.0,765.1,17038,765.5124999999999,766.16
2025-04-15 09:35:00,765.0,765.6,765.0,765.3,12162,765.2249999999999,765.88
2025-04-15 09:36:00,765.3,765.85,765.3,765.7,10336,765.5374999999999,765.72
2025-04-15 09:37:00,765.8,766.75,765.45,766.15,16464,766.0375,765.63
2025-04-15 09:38:00,766.45,766.7,765.75,766.0,13083,766.225,765.65
2025-04-15 09:39:00,766.15,766.2,765.95,766.0,22456,766.075,765.83
2025-04-15 09:40:00,765.95,766.6,765.8,766.6,22317,766.2375000000001,766.0899999999999
2025-04-15 09:41:00,766.8,767.45,766.35,767.45,25864,767.0125,766.44
2025-04-15 09:42:00,767.45,767.85,766.55,767.4,29257,767.3125000000001,766.6899999999999
2025-04-15 09:43:00,767.45,768.45,767.2,768.25,50206,767.8375000000001,767.14
2025-04-15 09:44:00,768.65,768.65,767.35,767.5,34549,768.0375,767.4399999999999
2025-04-15 09:45:00,767.5,768.35,767.5,767.9,21421,767.8125,767.7
2025-04-15 09:46:00,768.05,768.15,767.15,768.15,22469,767.875,767.8399999999999
2025-04-15 09:47:00,767.75,768.15,767.45,768.0,15643,767.8375000000001,767.96
2025-04-15 09:48:00,767.9,768.25,767.8,768.15,8016,768.025,767.94
2025-04-15 09:49:00,768.2,768.2,767.3,767.65,13707,767.8375,767.9699999999999
2025-04-15 09:50:00,767.65,768.45,767.55,768.15,19335,767.9499999999999,768.02
2025-04-15 09:51:00,768.45,768.5,767.7,767.85,9974,768.125,767.96
2025-04-15 09:52:00,767.85,768.4,767.7,768.2,18884,768.0374999999999,768.0
2025-04-15 09:53:00,768.05,768.4,767.85,768.05,10716,768.0874999999999,767.9799999999999
2025-04-15 09:54:00,768.1,769.3,768.1,768.85,42407,768.5875,768.22
2025-04-15 09:55:00,768.85,769.9,768.85,769.6,45098,769.3,768.51
2025-04-15 09:56:00,769.5,769.9,769.0,769.05,23740,769.3625,768.75
2025-04-15 09:57:00,769.25,769.55,768.9,768.9,16904,769.15,768.89
2025-04-15 09:58:00,768.75,768.95,767.95,767.95,9866,768.4000000000001,768.87
2025-04-15 09:59:00,768.0,768.75,767.6,768.2,24617,768.1375,768.74
2025-04-15 10:00:00,768.45,768.45,767.45,767.9,10719,768.0625000000001,768.4
2025-04-15 10:01:00,767.9,767.95,767.6,767.7,6161,767.7874999999999,768.1299999999999
2025-04-15 10:02:00,767.75,767.95,767.5,767.5,13708,767.675,767.85
2025-04-15 10:03:00,767.6,767.6,767.15,767.2,17094,767.3875,767.7
2025-04-15 10:04:00,767.45,767.5,767.1,767.35,4681,767.35,767.53
2025-04-15 10:05:00,767.25,767.6,767.2,767.55,6339,767.4000000000001,767.46
2025-04-15 10:06:00,767.6,768.0,767.6,767.85,10275,767.7624999999999,767.49
2025-04-15 10:07:00,767.85,768.65,767.85,768.55,16630,768.2249999999999,767.7
2025-04-15 10:08:00,768.7,769.0,768.7,768.95,12714,768.8375000000001,768.05
2025-04-15 10:09:00,769.0,770.7,768.7,770.2,124296,769.6500000000001,768.6200000000001
2025-04-15 10:10:00,770.4,770.55,769.65,770.2,24622,770.2,769.15
2025-04-15 10:11:00,770.15,770.15,768.85,769.6,20285,769.6875,769.5
2025-04-15 10:12:00,769.85,770.0,769.45,769.55,9741,769.7125000000001,769.7
2025-04-15 10:13:00,769.55,769.9,769.5,769.6,8455,769.6374999999999,769.83
2025-04-15 10:14:00,769.8,769.95,769.45,769.6,10401,769.6999999999999,769.7099999999999
2025-04-15 10:15:00,769.6,769.8,769.25,769.35,6136,769.5,769.54
2025-04-15 10:16:00,769.55,769.6,768.8,769.45,9761,769.3499999999999,769.51
2025-04-15 10:17:00,769.35,769.75,768.7,768.75,38659,769.1375,769.35
2025-04-15 10:18:00,769.0,769.0,768.7,768.85,6197,768.8874999999999,769.2
2025-04-15 10:19:00,768.7,768.9,768.55,768.9,8365,768.7624999999999,769.0600000000001
2025-04-15 10:20:00,768.6,769.9,768.6,769.8,17214,769.2249999999999,769.15
2025-04-15 10:21:00,769.9,770.2,769.65,770.0,24499,769.9375,769.26
2025-04-15 10:22:00,770.1,770.1,769.65,769.7,8358,769.8875,769.45
2025-04-15 10:23:00,769.65,769.65,769.1,769.1,8312,769.375,769.5
2025-04-15 10:24:00,769.35,769.4,769.0,769.1,9406,769.2125,769.54
2025-04-15 10:25:00,769.1,769.3,769.0,769.25,5212,769.1625,769.43
2025-04-15 10:26:00,769.15,769.2,769.0,769.0,4091,769.0875,769.2299999999999
2025-04-15 10:27:00,769.05,769.15,768.75,768.95,10142,768.9749999999999,769.08
2025-04-15 10:28:00,768.9,768.95,768.45,768.7,27710,768.75,769.0
2025-04-15 10:29:00,768.7,768.95,768.3,768.45,16445,768.5999999999999,768.87
2025-04-15 10:30:00,768.55,768.6,768.35,768.6,4565,768.525,768.74
2025-04-15 10:31:00,768.9,769.1,768.5,768.5,8993,768.75,768.64
2025-04-15 10:32:00,768.9,769.3,768.55,769.1,17120,768.9625,768.6700000000001
2025-04-15 10:33:00,768.95,769.1,768.4,768.55,12453,768.75,768.6400000000001
2025-04-15 10:34:00,768.55,768.6,768.15,768.45,8592,768.4375,768.64
2025-04-15 10:35:00,768.35,768.45,768.3,768.3,1825,768.3500000000001,768.58
2025-04-15 10:36:00,768.35,768.35,768.0,768.0,9180,768.175,768.48
2025-04-15 10:37:00,768.1,768.15,768.0,768.0,2631,768.0625,768.26
2025-04-15 10:38:00,768.05,768.45,767.7,767.9,14527,768.025,768.13
2025-04-15 10:39:00,767.9,767.95,767.75,767.8,2778,767.8499999999999,767.9999999999999
2025-04-15 10:40:00,767.85,767.95,767.75,767.8,6669,767.8375000000001,767.9
2025-04-15 10:41:00,767.85,767.95,767.5,767.55,7331,767.7125000000001,767.81
2025-04-15 10:42:00,767.6,767.8,767.5,767.65,5547,767.6375,767.74
2025-04-15 10:43:00,767.7,768.2,767.55,768.05,13877,767.875,767.7699999999999
2025-04-15 10:44:00,768.15,768.5,768.0,768.35,13842,768.25,767.88
2025-04-15 10:45:00,768.1,768.35,768.1,768.15,6135,768.1750000000001,767.95
2025-04-15 10:46:00,768.05,768.2,767.9,768.0,7251,768.0375,768.04
2025-04-15 10:47:00,767.9,768.0,767.1,767.1,12688,767.525,767.9300000000001
2025-04-15 10:48:00,767.25,767.4,767.1,767.15,3754,767.225,767.75
2025-04-15 10:49:00,767.35,767.7,767.1,767.5,11629,767.4125,767.5799999999999
2025-04-15 10:50:00,767.55,767.55,767.3,767.3,9122,767.425,767.4100000000001
2025-04-15 10:51:00,767.4,767.5,767.2,767.4,5547,767.3750000000001,767.2900000000001
2025-04-15 10:52:00,767.55,767.55,767.35,767.5,3837,767.4875,767.37
2025-04-15 10:53:00,767.5,767.75,767.5,767.65,7625,767.6,767.4699999999999
2025-04-15 10:54:00,767.6,767.8,767.5,767.55,3026,767.6125,767.4799999999999
2025-04-15 10:55:00,767.7,767.95,767.6,767.85,3818,767.775,767.5899999999999
2025-04-15 10:56:00,767.95,768.15,767.85,768.0,10443,767.9875,767.7099999999999
2025-04-15 10:57:00,768.1,768.2,767.9,767.95,4922,768.0375000000001,767.8
2025-04-15 10:58:00,767.95,768.0,767.5,767.8,6444,767.8125,767.83
2025-04-15 10:59:00,767.75,767.75,767.5,767.65,3574,767.6625,767.85
2025-04-15 11:00:00,767.65,767.75,767.6,767.65,3312,767.6625,767.8100000000001
2025-04-15 11:01:00,767.7,767.85,767.7,767.85,4141,767.775,767.78
2025-04-15 11:02:00,767.85,768.0,767.8,767.85,6100,767.8749999999999,767.76
2025-04-15 11:03:00,767.85,768.0,767.8,767.95,3903,767.8999999999999,767.7900000000001
2025-04-15 11:04:00,767.95,768.0,767.8,767.8,5968,767.8875,767.8199999999999
2025-04-15 11:05:00,767.85,767.9,767.7,767.7,3966,767.7874999999999,767.83
2025-04-15 11:06:00,767.85,767.85,767.7,767.7,4999,767.7750000000001,767.8
2025-04-15 11:07:00,767.8,767.9,767.7,767.8,2339,767.8,767.7900000000001
2025-04-15 11:08:00,767.5,767.7,767.5,767.6,6489,767.5749999999999,767.72
2025-04-15 11:09:00,767.55,767.6,767.25,767.25,12497,767.4125,767.61
2025-04-15 11:10:00,767.3,767.3,767.0,767.0,5749,767.15,767.47
2025-04-15 11:11:00,767.1,767.1,766.65,766.9,17209,766.9375,767.3100000000001
2025-04-15 11:12:00,766.85,766.9,766.8,766.85,4503,766.85,767.12
2025-04-15 11:13:00,766.85,767.2,766.65,766.85,23227,766.8875,766.97
2025-04-15 11:14:00,766.8,766.9,766.5,766.8,5446,766.75,766.88
2025-04-15 11:15:00,766.9,767.25,766.75,767.1,8734,767.0,766.9
2025-04-15 11:16:00,767.05,767.5,766.9,767.4,4449,767.2125,767.0
2025-04-15 11:17:00,767.3,767.35,766.85,766.85,6828,767.0875,767.0
2025-04-15 11:18:00,766.9,767.1,766.7,766.9,11423,766.9,767.01
2025-04-15 11:19:00,767.05,767.15,766.85,766.85,5498,766.9749999999999,767.02
2025-04-15 11:20:00,766.95,767.0,766.7,766.8,5519,766.8625,766.96
2025-04-15 11:21:00,766.65,766.8,766.5,766.65,14310,766.65,766.81
2025-04-15 11:22:00,766.6,766.65,766.1,766.4,24393,766.4375,766.72
2025-04-15 11:23:00,766.2,766.65,766.15,766.65,16737,766.4125,766.67
2025-04-15 11:24:00,766.65,767.0,766.5,767.0,7918,766.7875,766.7
2025-04-15 11:25:00,767.0,767.5,766.95,767.2,9661,767.1624999999999,766.78
2025-04-15 11:26:00,767.45,767.65,767.2,767.5,8210,767.45,766.95
2025-04-15 11:27:00,767.5,767.6,767.25,767.25,6297,767.4,767.12
2025-04-15 11:28:00,767.4,767.6,767.25,767.5,8930,767.4375,767.29
2025-04-15 11:29:00,767.5,767.55,767.3,767.5,4424,767.4625,767.39
2025-04-15 11:30:00,767.5,767.7,767.15,767.15,12294,767.375,767.38
2025-04-15 11:31:00,767.25,767.3,767.0,767.0,7204,767.1375,767.28
2025-04-15 11:32:00,767.05,767.1,766.6,766.8,9220,766.8875,767.1899999999999
2025-04-15 11:33:00,766.85,766.85,766.6,766.65,5581,766.7375000000001,767.02
2025-04-15 11:34:00,766.65,766.85,766.5,766.55,7776,766.6375,766.83
2025-04-15 11:35:00,766.75,766.75,766.5,766.5,2812,766.625,766.7
2025-04-15 11:36:00,766.55,766.85,766.5,766.75,5595,766.6625,766.65
2025-04-15 11:37:00,766.75,767.4,766.75,767.4,10311,767.075,766.7699999999999
2025-04-15 11:38:00,767.35,767.4,767.15,767.3,3629,767.3,766.9
2025-04-15 11:39:00,767.15,767.9,767.15,767.85,14577,767.5124999999999,767.16
2025-04-15 11:40:00,767.9,768.3,767.75,768.25,18798,768.05,767.51
2025-04-15 11:41:00,768.05,768.2,767.8,767.9,6935,767.9875000000001,767.74
2025-04-15 11:42:00,768.0,768.5,767.8,768.5,14435,768.2,767.96
2025-04-15 11:43:00,768.6,769.25,768.55,769.1,30256,768.8749999999999,768.3199999999999
2025-04-15 11:44:00,768.95,769.1,768.35,768.75,21906,768.7875,768.5
2025-04-15 11:45:00,768.75,769.05,768.4,768.65,15723,768.7125,768.58
2025-04-15 11:46:00,768.75,768.85,768.5,768.6,4642,768.675,768.72
2025-04-15 11:47:00,768.7,768.75,768.25,768.25,7675,768.4875,768.67
2025-04-15 11:48:00,768.35,768.4,768.0,768.2,5380,768.2375,768.49
2025-04-15 11:49:00,768.2,768.3,767.8,768.0,11267,768.075,768.34
2025-04-15 11:50:00,768.0,768.0,767.8,767.85,6429,767.9125,768.1800000000001
2025-04-15 11:51:00,767.85,768.2,767.65,767.65,21983,767.8375000000001,767.99
2025-04-15 11:52:00,767.7,767.7,767.5,767.55,5569,767.6125,767.85
2025-04-15 11:53:00,767.7,768.05,767.65,767.9,7834,767.825,767.79
2025-04-15 11:54:00,768.0,768.0,767.75,767.9,4405,767.9125,767.77
2025-04-15 11:55:00,767.85,768.45,767.85,768.15,6250,768.075,767.8299999999999
2025-04-15 11:56:00,768.45,768.5,768.1,768.4,3210,768.3625000000001,767.9799999999999
2025-04-15 11:57:00,768.4,768.6,768.2,768.4,16896,768.4,768.15
2025-04-15 11:58:00,768.55,768.6,768.2,768.45,6199,768.45,768.26
2025-04-15 11:59:00,768.45,768.6,768.2,768.2,6030,768.3625,768.3199999999999
2025-04-15 12:00:00,768.2,768.45,768.1,768.2,4009,768.2375,768.3299999999999
2025-04-15 12:01:00,768.3,768.4,768.15,768.15,3447,768.25,768.28
2025-04-15 12:02:00,768.35,768.35,767.5,767.55,10882,767.9375,768.11
2025-04-15 12:03:00,767.85,767.85,767.35,767.5,6455,767.6375,767.9200000000001
2025-04-15 12:04:00,767.5,767.5,767.15,767.25,5275,767.35,767.73
2025-04-15 12:05:00,767.25,767.25,766.6,766.8,11106,766.9749999999999,767.4499999999999
2025-04-15 12:06:00,766.9,767.25,766.8,767.25,4866,767.05,767.27
2025-04-15 12:07:00,767.3,767.4,767.0,767.1,4582,767.1999999999999,767.18
2025-04-15 12:08:00,767.25,767.5,767.0,767.3,9934,767.2625,767.14
2025-04-15 12:09:00,767.35,767.5,767.2,767.5,5890,767.3875,767.1899999999999
2025-04-15 12:10:00,767.5,767.55,767.2,767.4,4657,767.4125,767.3100000000001
2025-04-15 12:11:00,767.4,767.6,767.1,767.5,3812,767.4,767.36
2025-04-15 12:12:00,767.55,767.55,767.25,767.5,3525,767.4625,767.4399999999999
2025-04-15 12:13:00,767.5,767.7,767.15,767.2,6124,767.3875,767.42
2025-04-15 12:14:00,767.6,767.8,767.3,767.7,4827,767.5999999999999,767.46
2025-04-15 12:15:00,767.45,767.95,767.4,767.5,8526,767.575,767.48
2025-04-15 12:16:00,767.5,767.75,767.25,767.5,5278,767.5,767.48
2025-04-15 12:17:00,767.6,767.75,767.2,767.55,5154,767.5250000000001,767.49
2025-04-15 12:18:00,767.55,767.55,767.4,767.5,4454,767.5,767.55
2025-04-15 12:19:00,767.55,767.55,767.45,767.55,6622,767.5250000000001,767.52
2025-04-15 12:20:00,767.55,767.65,767.45,767.65,7047,767.5749999999999,767.55
2025-04-15 12:21:00,767.65,767.65,767.3,767.4,6621,767.5,767.53
2025-04-15 12:22:00,767.45,767.45,767.15,767.3,4896,767.3375000000001,767.48
2025-04-15 12:23:00,767.4,767.4,767.1,767.2,10927,767.2750000000001,767.42
2025-04-15 12:24:00,767.35,767.35,767.1,767.25,5801,767.2625,767.3599999999999
2025-04-15 12:25:00,767.3,767.35,767.05,767.25,9814,767.2375,767.28
2025-04-15 12:26:00,767.15,767.5,767.0,767.45,21051,767.2750000000001,767.2900000000001
2025-04-15 12:27:00,767.15,767.45,767.0,767.4,5791,767.25,767.3100000000001
2025-04-15 12:28:00,767.4,767.65,767.35,767.65,6384,767.5125,767.4
2025-04-15 12:29:00,767.65,767.7,767.3,767.4,4920,767.5124999999999,767.4300000000001
2025-04-15 12:30:00,767.4,767.5,767.3,767.5,4309,767.425,767.48
2025-04-15 12:31:00,767.4,767.8,767.4,767.5,4071,767.525,767.49
2025-04-15 12:32:00,767.6,767.7,767.5,767.6,8861,767.6,767.53
2025-04-15 12:33:00,767.7,767.9,767.0,767.2,19946,767.45,767.44
2025-04-15 12:34:00,767.3,767.4,767.0,767.3,17898,767.25,767.42
2025-04-15 12:35:00,767.5,767.55,767.05,767.15,20773,767.3125,767.35
2025-04-15 12:36:00,767.3,767.45,767.15,767.2,4679,767.2750000000001,767.29
2025-04-15 12:37:00,767.25,767.35,767.15,767.15,4717,767.225,767.2
2025-04-15 12:38:00,767.2,767.25,767.0,767.0,5303,767.1125,767.16
2025-04-15 12:39:00,766.95,767.0,766.75,766.95,21953,766.9124999999999,767.09
2025-04-15 12:40:00,766.95,767.0,766.55,766.55,8297,766.7625,766.97
2025-04-15 12:41:00,766.55,766.75,765.9,766.55,90300,766.4375,766.8399999999999
2025-04-15 12:42:00,766.55,766.85,766.05,766.1,26035,766.3874999999999,766.63
2025-04-15 12:43:00,766.2,766.25,766.1,766.15,12765,766.1750000000001,766.46
2025-04-15 12:44:00,766.15,766.25,765.8,766.0,17441,766.05,766.27
2025-04-15 12:45:00,766.0,766.0,765.65,765.7,11711,765.8375000000001,766.1
2025-04-15 12:46:00,765.7,766.0,765.65,765.65,11374,765.75,765.92
2025-04-15 12:47:00,765.8,766.0,765.65,765.9,11264,765.8375,765.88
2025-04-15 12:48:00,765.8,765.85,765.5,765.65,10756,765.7,765.78
2025-04-15 12:49:00,765.65,765.85,765.5,765.85,8970,765.7125,765.75
2025-04-15 12:50:00,765.75,765.95,765.65,765.75,7440,765.775,765.76
2025-04-15 12:51:00,765.8,765.8,765.5,765.65,7244,765.6875,765.76
2025-04-15 12:52:00,765.5,765.7,765.5,765.5,6015,765.55,765.68
2025-04-15 12:53:00,765.55,765.6,765.1,765.45,48670,765.425,765.6400000000001
2025-04-15 12:54:00,765.5,765.5,765.2,765.25,21158,765.3625,765.52
2025-04-15 12:55:00,765.25,765.4,765.2,765.3,5214,765.2875000000001,765.43
2025-04-15 12:56:00,765.3,765.6,765.3,765.5,9452,765.425,765.4
2025-04-15 12:57:00,765.6,765.65,764.9,765.35,104470,765.375,765.3700000000001
2025-04-15 12:58:00,765.35,765.35,765.0,765.15,9524,765.2125,765.3100000000001
2025-04-15 12:59:00,765.2,765.3,765.05,765.05,12553,765.1500000000001,765.27
2025-04-15 13:00:00,765.15,765.2,765.0,765.1,12614,765.1125,765.23
2025-04-15 13:01:00,765.2,765.35,765.1,765.25,6412,765.225,765.18
2025-04-15 13:02:00,765.25,765.35,765.25,765.25,5907,765.275,765.16
2025-04-15 13:03:00,765.3,765.3,765.15,765.3,3943,765.2625,765.1899999999999
2025-04-15 13:04:00,765.3,765.3,765.1,765.25,7954,765.2375,765.23
2025-04-15 13:05:00,765.2,765.3,765.15,765.15,4592,765.2,765.24
2025-04-15 13:06:00,765.25,765.55,765.1,765.25,19675,765.2875,765.24
2025-04-15 13:07:00,765.3,765.35,765.1,765.1,7658,765.2125,765.21
2025-04-15 13:08:00,765.15,765.35,765.15,765.15,5833,765.2,765.18
2025-04-15 13:09:00,765.15,765.35,765.15,765.2,15332,765.2125000000001,765.17
2025-04-15 13:10:00,765.25,765.35,765.05,765.1,7760,765.1874999999999,765.16
2025-04-15 13:11:00,765.1,765.1,764.85,765.0,12671,765.0125,765.11
2025-04-15 13:12:00,765.1,765.2,765.0,765.0,5528,765.075,765.0899999999999
2025-04-15 13:13:00,765.05,765.1,764.4,765.05,29129,764.9000000000001,765.07
2025-04-15 13:14:00,765.1,765.1,764.7,764.75,7005,764.9125,764.98
2025-04-15 13:15:00,764.8,765.1,764.7,765.1,11434,764.9250000000001,764.98
2025-04-15 13:16:00,765.1,765.2,765.0,765.05,9495,765.0875000000001,764.99
2025-04-15 13:17:00,765.15,765.3,765.05,765.15,5912,765.1625,765.02
2025-04-15 13:18:00,765.15,765.4,765.1,765.1,5746,765.1875,765.03
2025-04-15 13:19:00,765.1,765.1,764.9,765.0,12268,765.025,765.0799999999999
2025-04-15 13:20:00,765.0,765.1,764.95,765.05,4441,765.0250000000001,765.0699999999999
2025-04-15 13:21:00,765.1,765.3,764.95,765.3,16250,765.1625000000001,765.1200000000001
2025-04-15 13:22:00,765.3,765.45,764.9,765.1,16445,765.1875,765.11
2025-04-15 13:23:00,765.2,765.4,765.0,765.0,12088,765.15,765.0899999999999
2025-04-15 13:24:00,765.1,765.35,764.9,764.95,10844,765.075,765.0799999999999
2025-04-15 13:25:00,764.95,765.5,764.95,765.25,3637,765.1625,765.12
2025-04-15 13:26:00,765.5,765.75,765.15,765.2,13206,765.4000000000001,765.1000000000001
2025-04-15 13:27:00,765.4,765.9,765.35,765.8,12930,765.6125,765.24
2025-04-15 13:28:00,765.7,766.0,765.55,765.85,27302,765.775,765.4100000000001
2025-04-15 13:29:00,765.95,766.0,765.7,765.75,12058,765.85,765.57
2025-04-15 13:30:00,765.8,765.85,765.3,765.55,9334,765.625,765.63
2025-04-15 13:31:00,765.6,765.75,765.1,765.15,9939,765.4,765.62
2025-04-15 13:32:00,765.15,765.75,765.1,765.75,10181,765.4375,765.61
2025-04-15 13:33:00,765.65,765.9,765.4,765.85,7226,765.6999999999999,765.6099999999999
2025-04-15 13:34:00,765.85,765.95,765.3,765.5,8674,765.6500000000001,765.5600000000001
2025-04-15 13:35:00,765.55,765.65,765.25,765.4,5973,765.4625,765.53
2025-04-15 13:36:00,765.4,765.65,764.5,764.7,37993,765.0625,765.4399999999999
2025-04-15 13:37:00,764.75,764.9,764.55,764.75,10460,764.7375,765.24
2025-04-15 13:38:00,764.8,765.0,764.75,764.85,18346,764.85,765.04
2025-04-15 13:39:00,764.95,765.0,764.7,765.0,6507,764.9125,764.9399999999999
2025-04-15 13:40:00,765.0,765.0,764.85,764.9,7579,764.9375,764.8399999999999
2025-04-15 13:41:00,765.0,765.0,764.85,765.0,7141,764.9625,764.9
2025-04-15 13:42:00,765.0,765.75,764.9,765.4,114953,765.2625,765.03
2025-04-15 13:43:00,765.4,765.85,765.4,765.5,8041,765.5375,765.1600000000001
2025-04-15 13:44:00,765.5,765.65,765.25,765.35,13761,765.4375,765.23
2025-04-15 13:45:00,765.4,765.9,764.8,764.85,40960,765.2375,765.22
2025-04-15 13:46:00,764.85,765.0,764.6,765.0,31209,764.8625,765.22
2025-04-15 13:47:00,764.95,765.0,764.55,764.65,25712,764.7875,765.0699999999999
2025-04-15 13:48:00,764.75,765.0,764.55,764.85,35172,764.7875,764.9399999999999
2025-04-15 13:49:00,764.85,765.0,764.6,764.6,12860,764.7624999999999,764.7900000000001
2025-04-15 13:50:00,764.65,765.0,764.6,764.8,5657,764.7625,764.78
2025-04-15 13:51:00,764.9,765.0,764.5,764.65,24312,764.7625,764.7099999999999
2025-04-15 13:52:00,764.75,765.0,764.75,764.85,4108,764.8375,764.75
2025-04-15 13:53:00,764.9,765.0,764.85,764.9,3584,764.9125,764.76
2025-04-15 13:54:00,765.0,765.0,764.85,764.85,6176,764.925,764.81
2025-04-15 13:55:00,764.9,765.0,764.8,764.85,11097,764.8874999999999,764.82
2025-04-15 13:56:00,764.9,765.0,764.85,765.0,8951,764.9375,764.89
2025-04-15 13:57:00,764.9,765.0,764.8,764.85,6240,764.8874999999999,764.8900000000001
2025-04-15 13:58:00,764.9,765.0,764.8,764.8,4750,764.875,764.87
2025-04-15 13:59:00,764.95,765.0,764.75,764.95,5362,764.9124999999999,764.8900000000001
2025-04-15 14:00:00,764.85,765.0,764.7,764.85,11306,764.85,764.8900000000001
2025-04-15 14:01:00,764.8,765.0,764.8,764.8,12236,764.8499999999999,764.85
2025-04-15 14:02:00,764.85,765.0,764.7,764.95,6592,764.875,764.87
2025-04-15 14:03:00,764.95,765.0,764.7,764.7,16399,764.8375000000001,764.85
2025-04-15 14:04:00,764.7,765.0,764.7,765.0,5549,764.85,764.86
2025-04-15 14:05:00,765.0,765.0,764.7,764.9,18668,764.9,764.87
2025-04-15 14:06:00,764.95,765.0,764.75,764.9,4527,764.9,764.8900000000001
2025-04-15 14:07:00,765.0,765.0,764.6,764.95,56203,764.8875,764.89
2025-04-15 14:08:00,765.0,765.9,764.85,765.6,50687,765.3375,765.07
2025-04-15 14:09:00,765.65,765.95,765.1,765.2,15468,765.4749999999999,765.11
2025-04-15 14:10:00,765.4,765.65,765.05,765.1,13450,765.3,765.15
2025-04-15 14:11:00,765.05,765.35,764.65,764.7,19770,764.9375,765.11
2025-04-15 14:12:00,764.7,765.25,764.7,765.2,15673,764.9625000000001,765.1600000000001
2025-04-15 14:13:00,765.25,765.55,764.85,764.85,23928,765.125,765.01
2025-04-15 14:14:00,764.95,765.35,764.85,765.2,11251,765.0875000000001,765.01
2025-04-15 14:15:00,765.15,765.35,764.85,765.05,21924,765.0999999999999,765.0
2025-04-15 14:16:00,765.05,765.35,764.9,764.9,14325,765.0500000000001,765.04
2025-04-15 14:17:00,765.0,765.0,764.55,764.65,12778,764.8000000000001,764.9300000000001
2025-04-15 14:18:00,764.7,764.9,764.6,764.65,13637,764.7125,764.89
2025-04-15 14:19:00,764.7,765.15,764.65,765.05,11332,764.8875,764.86
2025-04-15 14:20:00,765.15,765.3,764.7,764.7,14486,764.9624999999999,764.79
2025-04-15 14:21:00,764.7,765.0,764.65,764.75,7954,764.775,764.76
2025-04-15 14:22:00,764.75,765.0,764.3,764.8,29717,764.7125000000001,764.79
2025-04-15 14:23:00,764.95,765.3,764.85,765.05,11493,765.0374999999999,764.87
2025-04-15 14:24:00,764.95,765.1,764.5,764.85,21811,764.85,764.83
2025-04-15 14:25:00,765.0,765.2,764.7,765.05,12919,764.9875,764.9
2025-04-15 14:26:00,765.1,765.35,765.1,765.3,9491,765.2125000000001,765.01
2025-04-15 14:27:00,765.2,765.2,764.9,765.0,12856,765.075,765.05
2025-04-15 14:28:00,765.05,765.25,765.0,765.2,9428,765.125,765.08
2025-04-15 14:29:00,765.25,765.35,764.95,765.15,16823,765.1750000000001,765.14
2025-04-15 14:30:00,765.15,765.2,764.8,764.9,21370,765.0124999999999,765.1099999999999
2025-04-15 14:31:00,764.95,765.05,764.6,764.65,12758,764.8125,764.98
2025-04-15 14:32:00,764.9,765.2,764.65,765.0,11162,764.9375,764.98
2025-04-15 14:33:00,764.9,764.95,764.5,764.5,17496,764.7125,764.8399999999999
2025-04-15 14:34:00,764.6,764.8,764.3,764.75,18571,764.6125,764.76
2025-04-15 14:35:00,764.75,764.9,764.45,764.55,12826,764.6625000000001,764.6899999999999
2025-04-15 14:36:00,764.65,764.75,764.25,764.5,18470,764.5375,764.6600000000001
2025-04-15 14:37:00,764.55,764.8,764.4,764.7,16796,764.6125,764.6
2025-04-15 14:38:00,764.7,764.75,764.5,764.5,18931,764.6125,764.6
2025-04-15 14:39:00,764.65,764.75,764.25,764.3,33328,764.4875,764.51
2025-04-15 14:40:00,764.45,764.6,764.2,764.3,40615,764.3875,764.4599999999999
2025-04-15 14:41:00,764.4,764.8,764.15,764.7,36168,764.5125,764.5
2025-04-15 14:42:00,764.7,765.0,764.4,764.95,31948,764.7625,764.55
2025-04-15 14:43:00,764.95,765.0,763.9,764.75,169242,764.65,764.6
2025-04-15 14:44:00,764.75,764.75,763.85,763.9,28594,764.3125,764.52
2025-04-15 14:45:00,764.05,764.35,763.95,764.15,26277,764.1250000000001,764.49
2025-04-15 14:46:00,764.15,764.35,763.85,763.95,16477,764.075,764.34
2025-04-15 14:47:00,763.95,764.3,763.85,764.0,21473,764.025,764.15
2025-04-15 14:48:00,764.0,764.35,764.0,764.15,20664,764.125,764.03
2025-04-15 14:49:00,764.15,764.35,764.1,764.15,15641,764.1875,764.0799999999999
2025-04-15 14:50:00,764.25,764.35,764.15,764.3,15650,764.2625,764.11
2025-04-15 14:51:00,764.25,764.35,764.1,764.2,25992,764.2249999999999,764.1600000000001
2025-04-15 14:52:00,764.35,764.35,764.0,764.3,20473,764.25,764.22
2025-04-15 14:53:00,764.35,764.35,764.15,764.25,25887,764.275,764.24
2025-04-15 14:54:00,764.3,764.35,764.2,764.3,22481,764.2875000000001,764.2700000000001
2025-04-15 14:55:00,764.3,764.35,764.05,764.35,33284,764.2624999999999,764.28
2025-04-15 14:56:00,764.2,764.35,764.05,764.3,24069,764.2250000000001,764.3
2025-04-15 14:57:00,764.3,764.7,764.1,764.45,50033,764.3875,764.33
2025-04-15 14:58:00,764.45,764.65,764.0,764.05,20945,764.2874999999999,764.29
2025-04-15 14:59:00,764.05,764.5,764.0,764.3,16903,764.2125000000001,764.29
2025-04-15 15:01:00,763.2,763.6,762.85,763.45,53634,763.2750000000001,764.1099999999999
2025-04-15 15:02:00,763.5,763.55,763.05,763.5,47310,763.4,763.95
2025-04-15 15:03:00,763.5,764.0,763.4,764.0,37866,763.725,763.8599999999999
2025-04-15 15:04:00,763.95,764.0,763.4,763.6,49327,763.7375,763.7700000000001
2025-04-15 15:05:00,763.6,763.7,763.5,763.7,40132,763.625,763.65
2025-04-15 15:06:00,763.65,763.75,762.75,762.75,69016,763.225,763.51
2025-04-15 15:07:00,762.75,762.85,762.4,762.75,54324,762.6875,763.36
2025-04-15 15:08:00,762.75,763.0,762.55,762.6,45437,762.725,763.08
2025-04-15 15:09:00,762.6,763.0,762.6,762.95,52274,762.7874999999999,762.95
2025-04-15 15:10:00,762.95,763.2,762.9,763.05,50231,763.0250000000001,762.8199999999999
2025-04-15 15:11:00,763.0,763.05,762.75,762.8,65702,762.9000000000001,762.83
2025-04-15 15:12:00,762.8,763.4,762.75,763.4,123573,763.0875,762.96
2025-04-15 15:13:00,763.35,763.55,763.2,763.45,50462,763.3875,763.13
2025-04-15 15:14:00,763.45,763.65,763.2,763.65,53259,763.4875000000001,763.27
2025-04-15 15:15:00,763.65,763.9,763.25,763.3,66909,763.5250000000001,763.3199999999999
2025-04-15 15:16:00,763.35,763.75,763.2,763.6,70573,763.475,763.4799999999999
2025-04-15 15:17:00,763.65,764.0,763.2,763.2,60558,763.5125,763.44
2025-04-15 15:18:00,763.2,763.2,762.7,762.9,103187,763.0000000000001,763.33
2025-04-15 15:19:00,762.9,763.0,762.7,763.0,54963,762.9000000000001,763.2
2025-04-15 15:20:00,763.0,763.45,762.9,763.2,79778,763.1375,763.1800000000001
2025-04-15 15:21:00,763.2,763.85,763.1,763.85,71687,763.5,763.2300000000001
2025-04-15 15:22:00,763.8,764.0,763.5,763.65,69593,763.7375000000001,763.3199999999999
2025-04-15 15:23:00,763.65,763.8,763.5,763.8,56143,763.6875,763.5
2025-04-15 15:24:00,763.75,763.8,763.0,763.45,76247,763.5,763.5899999999999
2025-04-15 15:25:00,763.5,764.75,763.4,764.75,190637,764.1,763.9
2025-04-15 15:26:00,764.7,765.1,764.2,764.55,75735,764.6375,764.04
2025-04-15 15:27:00,764.65,764.75,764.15,764.5,39741,764.5125,764.21
2025-04-15 15:28:00,764.4,764.9,764.1,764.15,37047,764.3875,764.28
2025-04-15 15:29:00,764.45,764.75,764.15,764.5,29866,764.4625,764.49
