datetime,open,high,low,close,volume,sma_20,sma_50,sma_200,ema_9,ema_20,ema_50,rsi_14,bb_upper_20,bb_lower_20,bb_width_20,vwap,supertrend_10_3,supertrend_10_3_signal,is_support,is_resistance,support_levels,resistance_levels,sr_position,nearest_support,nearest_resistance
2025-04-15 09:15:00,770.0,770.0,757.1,761.4,340759,,,,761.4,761.4,761.4,,,,,762.8333333333334,761.4,1,0,0,[762.4],[764.0],-1,,764.0
2025-04-15 09:16:00,762.0,763.9,761.9,763.5,74722,,,,761.82,761.6,761.4823529411765,,,,,762.8812918841857,,1,0,0,[762.4],[764.0],1,762.4,764.0
2025-04-15 09:17:00,763.7,765.45,763.5,764.9,68749,,,,762.436,761.9142857142857,761.6163783160323,,,,,763.1276733163992,,1,0,0,[762.4],[764.0],1,762.4,
2025-04-15 09:18:00,765.1,766.5,764.5,764.9,83903,,,,762.9288,762.1986394557823,761.7451477938349,,,,,763.4484867979857,,1,0,0,[762.4],[764.0],1,762.4,
2025-04-15 09:19:00,764.5,765.45,764.35,765.3,27769,,,,763.40304,762.4940071266602,761.8845537627042,,,,,763.5223405582349,,1,0,0,[762.4],[764.0],1,762.4,
2025-04-15 09:20:00,765.35,765.9,764.75,764.9,26174,,,,763.702432,762.7231493050735,762.0028065563237,,,,,763.5922272359004,,1,0,0,[762.4],[764.0],1,762.4,
2025-04-15 09:21:00,764.8,766.4,764.8,766.4,38343,,,,764.2419456000001,763.0733255617332,762.1752455148992,,,,,763.7242779962418,,1,0,0,[762.4],[764.0],1,762.4,
2025-04-15 09:22:00,766.15,766.4,764.8,765.3,31915,,,,764.4535564800001,763.2853897939491,762.2977849064717,,,,,763.8061346835486,,1,0,0,[762.4],[764.0],1,762.4,
2025-04-15 09:23:00,765.3,765.5,764.75,765.2,23331,,,,764.6028451840001,763.4677336230968,762.4115972630807,,,,,763.8499452956341,,1,0,0,[762.4],[764.0],1,762.4,
2025-04-15 09:24:00,765.2,766.0,764.75,765.6,38502,,,,764.8022761472001,763.6708066113733,762.5366326645285,,,,,763.9316318534223,,1,0,0,[762.4],[764.0],1,762.4,
2025-04-15 09:25:00,765.7,765.85,763.8,764.0,32771,,,,764.6418209177601,763.7021583626711,762.5940196188608,,,,,763.9573829831575,,1,0,0,[762.4],[764.0],1,762.4,
2025-04-15 09:26:00,764.0,764.25,763.5,763.75,25592,,,,764.4634567342081,763.7067147090834,762.639352182827,,,,,763.9534758306359,,1,1,0,[762.4],[764.0],1,762.4,764.0
2025-04-15 09:27:00,763.75,764.8,763.55,764.8,62281,,,,764.5307653873665,763.8108371177422,762.724083469775,,,,,763.9840789610555,,1,0,0,[762.4],[764.0],1,762.4,
2025-04-15 09:28:00,764.85,767.1,764.75,766.05,62012,,,,764.8346123098933,764.0240907255762,762.8545115689996,70.12987012987031,,,,764.115314241146,,1,0,0,[762.4],[764.0],1,762.4,
2025-04-15 09:29:00,766.2,766.9,765.45,766.5,55603,,,,765.1676898479146,764.2598916088547,762.997471899627,71.2500000000003,,,,764.2367826081405,,1,0,0,[762.4],[764.0],1,762.4,
2025-04-15 09:30:00,766.7,768.0,766.6,766.7,49748,,,,765.4741518783318,764.4922828842018,763.1426690800339,65.84158415841621,,,,764.3734578071094,,1,0,1,[762.4],[764.0],1,762.4,
2025-04-15 09:31:00,766.6,767.35,766.35,766.5,36010,,,,765.6793215026655,764.6834940380874,763.2743291161111,58.98876404494397,,,,764.4522747045029,,1,0,0,[762.4],[764.0],1,762.4,
2025-04-15 09:32:00,766.75,766.8,766.0,766.6,21802,,,,765.8634572021325,764.8660184154123,763.4047475821459,59.4444444444447,,,,764.4922004613389,,1,0,0,[762.4],[764.0],1,762.4,
2025-04-15 09:33:00,766.9,767.0,765.7,765.9,22715,,,,765.870765761706,764.9644928520397,763.5026006181401,53.225806451613,,,,764.5267534425162,,1,0,0,[762.4],[764.0],1,762.4,
2025-04-15 09:34:00,765.95,766.0,765.0,765.1,17038,765.165,,,765.7166126093649,764.9773982947025,763.5652437311543,51.03092783505177,767.7487752876058,762.5812247123941,0.0067535114324513475,764.5393093360261,,1,0,0,[762.4],[764.0],1,762.4,
2025-04-15 09:35:00,765.0,765.6,765.0,765.3,12162,765.36,,,765.633290087492,765.0081222666356,763.633273388756,43.45238095238079,767.2402575411504,763.4797424588496,0.0049133938046158655,764.5473408594429,,1,0,0,[762.4],[764.0],1,762.4,
2025-04-15 09:36:00,765.3,765.85,765.3,765.7,10336,765.47,,,765.6466320699936,765.0740153840989,763.7143214911578,52.597402597403175,767.1374594605662,763.8025405394338,0.004356694476769024,764.55685058211,,1,0,0,[762.4],[764.0],1,762.4,
2025-04-15 09:37:00,765.8,766.75,765.45,766.15,16464,765.5325,,,765.747305655995,765.1764901094227,763.8098382954261,55.90062111801195,767.2037034743358,763.8612965256642,0.004366120247894927,764.5786379667106,,1,0,1,[762.4],[764.0],1,762.4,
2025-04-15 09:38:00,766.45,766.7,765.75,766.0,13083,765.5875,,,765.797844524796,765.254919622811,763.8957269897231,52.5641025641024,767.2433906015226,763.9316093984773,0.004325803651503267,764.5958878454484,,1,0,0,[762.4],[764.0],1,762.4,
2025-04-15 09:39:00,766.15,766.2,765.95,766.0,22456,765.6225000000001,,,765.8382756198368,765.3258796587338,763.97824749993,66.1290322580644,767.2823906114879,763.9626093885122,0.0043360549395762725,764.6227800105413,,1,0,0,[762.4],[764.0],1,762.4,
2025-04-15 09:40:00,765.95,766.6,765.8,766.6,22317,765.7075,,,765.9906204958695,765.4472244531402,764.0810613234622,71.75572519083964,767.3856176798332,764.0293823201667,0.004383182037091802,764.6536515502316,,1,0,0,[762.4],[764.0],1,762.4,
2025-04-15 09:41:00,766.8,767.45,766.35,767.45,25864,765.76,,,766.2824963966956,765.6379649814126,764.2131765656794,70.86614173228374,767.5883153016113,763.9316846983887,0.004775165330158977,764.7034299439989,,1,0,0,[762.4],[764.0],1,762.4,
2025-04-15 09:42:00,767.45,767.85,766.55,767.4,29257,765.865,,,766.5059971173565,765.8057778403256,764.338150033692,63.106796116504555,767.8189703170725,763.9110296829275,0.005102649467131944,764.7614882346837,,1,0,0,[762.4],[764.0],1,762.4,
2025-04-15 09:43:00,767.45,768.45,767.2,768.25,50206,766.0175,,,766.8547976938853,766.0385609031517,764.4915559147238,65.76576576576525,768.2139744478369,763.8210255521632,0.005734789212614236,764.8814085767968,,1,0,0,[762.4],[764.0],1,762.4,
2025-04-15 09:44:00,768.65,768.65,767.35,767.5,34549,766.1125,,,766.9838381551083,766.177745579042,764.6095341141464,56.557377049179806,768.3955900113663,763.8294099886336,0.0059601951707257406,764.95550302848,,1,0,1,[762.4],[764.0],1,762.4,
2025-04-15 09:45:00,767.5,768.35,767.5,767.9,21421,766.3075,,,767.1670705240866,766.3417698096094,764.738571992023,61.11111111111081,768.4950905996278,764.1199094003722,0.005709432831148881,765.0008805044494,,1,0,0,[762.4],[764.0],1,762.4,
2025-04-15 09:46:00,768.05,768.15,767.15,768.15,22469,766.5274999999999,,,767.3636564192693,766.5139822086943,764.8723534825319,62.015503875968555,768.5072594218545,764.5477405781453,0.00516552745166905,765.0454252307396,,1,1,0,[762.4],[764.0],1,762.4,
2025-04-15 09:47:00,767.75,768.15,767.45,768.0,15643,766.6875,,,767.4909251354155,766.6555077126282,764.9950062871385,67.79661016949179,768.5953439194689,764.7796560805311,0.004976848897285687,765.0761590223351,,1,0,0,[762.4],[764.0],1,762.4,
2025-04-15 09:48:00,767.9,768.25,767.8,768.15,8016,766.7925,,,767.6227401083324,766.7978403114255,765.1187315307801,79.04761904761861,768.7820185876307,764.8029814123694,0.005189196784346851,765.0927602744816,,1,0,0,[762.4],[764.0],1,762.4,
2025-04-15 09:49:00,768.2,768.2,767.3,767.65,13707,766.85,,,767.628192086666,766.878998377004,765.2179969609456,71.17117117117112,768.8701615360117,764.8298384639884,0.005268726702775359,765.1174334969025,,1,1,0,[762.4],[764.0],1,762.4,
2025-04-15 09:50:00,767.65,768.45,767.55,768.15,19335,766.9224999999999,,,767.7325536693328,767.0000461506227,765.3329774722811,71.68141592920303,769.0224937343269,764.8225062656729,0.0054764170677662274,765.1558222931153,,1,0,0,[762.4],[764.0],1,762.4,
2025-04-15 09:51:00,768.45,768.5,767.7,767.85,9974,766.99,,,767.7560429354663,767.0809941362777,765.431684238074,65.45454545454587,769.1193932914039,764.8606067085962,0.005552597273507758,765.1750113315551,,1,0,1,[762.4],[764.0],1,762.4,
2025-04-15 09:52:00,767.85,768.4,767.7,768.2,18884,767.07,,,767.8448343483731,767.1875661232989,765.5402456405025,69.29824561403534,769.2571394439703,764.8828605560298,0.005702581104645717,765.2116911550837,,1,0,0,[762.4],[764.0],1,762.4,
2025-04-15 09:53:00,768.05,768.4,767.85,768.05,10716,767.1775,,,767.8858674786985,767.2697026829848,765.6386673800906,67.52136752136673,769.333635675841,765.021364324159,0.0056209564953117845,765.2320994093358,,1,0,0,[762.4],[764.0],1,762.4,
2025-04-15 09:54:00,768.1,769.3,768.1,768.85,42407,767.365,,,768.0786939829588,767.4202071893671,765.7646019926361,68.59504132231349,769.4097879828336,765.3202120171665,0.0053293751548052215,765.3277909628255,,1,0,0,[762.4],[764.0],1,762.4,
2025-04-15 09:55:00,768.85,769.9,768.85,769.6,45098,767.5799999999999,,,768.3829551863671,767.6278065046655,765.9150097576309,68.06722689075563,769.6148024603473,765.5451975396526,0.005301864197470884,765.4436833856677,,1,0,0,[762.4],[764.0],1,762.4,
2025-04-15 09:56:00,769.5,769.9,769.0,769.05,23740,767.7475000000001,,,768.5163641490938,767.7632535042212,766.0379505514493,62.79069767441811,769.679631356547,765.8153686434531,0.005033246885328733,765.5001658738996,,1,0,0,[762.4],[764.0],1,762.4,
2025-04-15 09:57:00,769.25,769.55,768.9,768.9,16904,767.885,,,768.593091319275,767.8715150752478,766.1501877847259,55.652173913043164,769.72779535946,766.04220464054,0.004799664948423151,765.5373347086207,,1,0,0,[762.4],[764.0],1,762.4,
2025-04-15 09:58:00,768.75,768.95,767.95,767.95,9866,767.9825000000001,,,768.4644730554201,767.878989829986,766.220768655913,53.781512605042366,769.5976503107518,766.3673496892484,0.0042062164456916325,765.5537083394524,,1,0,0,[762.4],[764.0],1,762.4,
2025-04-15 09:59:00,768.0,768.75,767.6,768.2,24617,768.0925,,,768.4115784443361,767.9095622271302,766.2983855713675,52.58620689655228,769.4117003159831,766.7732996840168,0.0034350037683824617,765.5922578403988,,1,0,0,[762.4],[764.0],1,762.4,
2025-04-15 10:00:00,768.45,768.45,767.45,767.9,10719,768.1575,,,768.3092627554689,767.9086515388321,766.3611939803335,47.86324786324791,769.2805948781244,767.0344051218757,0.002924126570721067,765.6071068022367,,1,1,0,[762.4],[764.0],1,762.4,
2025-04-15 10:01:00,767.9,767.95,767.6,767.7,6161,768.17,,,768.1874102043752,767.8887799637052,766.4136961771832,47.45762711864449,769.2651568020418,767.0748431979581,0.002851339682731313,765.6148907107046,,1,0,0,[762.4],[764.0],1,762.4,
2025-04-15 10:02:00,767.75,767.95,767.5,767.5,13708,768.175,,,768.0499281635002,767.8517533004953,766.4562963270976,44.53781512605075,769.2561786940312,767.0938213059687,0.0028149280932892196,765.6312066449956,,1,0,0,[762.4],[764.0],1,762.4,
2025-04-15 10:03:00,767.6,767.6,767.15,767.2,17094,768.1225000000001,,,767.8799425308002,767.7896815575909,766.4854611770153,46.0869565217398,769.2870984173484,766.9579015826517,0.0030323247069271256,765.6478903287099,,1,0,0,[762.4],[764.0],1,762.4,
2025-04-15 10:04:00,767.45,767.5,767.1,767.35,4681,768.115,766.6389999999999,,767.7739540246403,767.7478071235347,766.5193646602696,42.59259259259314,769.2982604375892,766.9317395624108,0.003080946049977369,765.6524015169845,,1,1,0,[762.4],[764.0],1,762.4,
2025-04-15 10:05:00,767.25,767.6,767.2,767.55,6339,768.0975000000001,766.762,,767.7291632197122,767.7289683498648,766.5597817324159,47.16981132075411,769.3042681938509,766.8907318061492,0.0031422265893349434,765.6589581468087,,1,0,0,[762.4],[764.0],1,762.4,
2025-04-15 10:06:00,767.6,768.0,767.6,767.85,10275,768.0825,766.8489999999999,,767.7533305757698,767.7404951736872,766.6103785272231,46.66666666666652,769.2939693123404,766.8710306876595,0.003154529135452129,765.6716399716964,,1,0,0,[762.4],[764.0],1,762.4,
2025-04-15 10:07:00,767.85,768.65,767.85,768.55,16630,768.11,766.922,,767.9126644606159,767.8175908714313,766.6864421143908,54.310344827586235,769.3384350335223,766.8815649664778,0.0031985914348784932,765.6968780686259,,1,0,0,[762.4],[764.0],1,762.4,
2025-04-15 10:08:00,768.7,769.0,768.7,768.95,12714,768.15,767.003,,768.1201315684928,767.9254393598665,766.7752090902972,50.92592592592614,769.4347281096774,766.8652718903226,0.0033449928000453474,765.719669309066,,1,0,0,[762.4],[764.0],1,762.4,
2025-04-15 10:09:00,769.0,770.7,768.7,770.2,124296,768.2774999999999,767.1010000000001,,768.5361052547943,768.1420641827364,766.9095146161678,55.08474576271208,769.8312645286633,766.7237354713366,0.004044800293288169,765.9906980424817,,1,0,1,[762.4],[764.0],0,762.4,
2025-04-15 10:10:00,770.4,770.55,769.65,770.2,24622,768.38,767.207,,768.8688842038355,768.3380580700948,767.0385532586711,60.74766355140291,770.1533109087111,766.6066890912889,0.004615713341604664,766.0436446334371,,1,0,0,[762.4],[764.0],0,762.4,
2025-04-15 10:11:00,770.15,770.15,768.85,769.6,20285,768.4675,767.271,,769.0151073630684,768.4582430158,767.139002150488,56.03448275862113,770.3023311266065,766.6326688733934,0.004775299219827929,766.0800068729792,,1,0,0,[762.4],[764.0],1,762.4,
2025-04-15 10:12:00,769.85,770.0,769.45,769.55,9741,768.5350000000001,767.3560000000001,,769.1220858904547,768.5622198714381,767.233551085763,66.32653061224367,770.4268384263953,766.6431615736049,0.004923232972851528,766.0978641396987,,1,0,0,[762.4],[764.0],1,762.4,
2025-04-15 10:13:00,769.55,769.9,769.5,769.6,8455,768.6125,767.444,,769.2176687123639,768.6610560741583,767.3263530039684,64.89361702127584,770.5471902376855,766.6778097623144,0.0050342408890971,766.1132203703232,,1,0,0,[762.4],[764.0],1,762.4,
2025-04-15 10:14:00,769.8,769.95,769.45,769.6,10401,768.65,767.5239999999999,,769.2941349698912,768.7504793051909,767.4155156312638,69.31818181818193,770.6325555013154,766.6674444986845,0.005158539000365472,766.1319306627868,,1,0,0,[762.4],[764.0],1,762.4,
2025-04-15 10:15:00,769.6,769.8,769.25,769.35,6136,768.6375,767.6309999999999,,769.305307975913,768.8075765142203,767.4913777633711,68.53932584269572,770.5978638223035,766.6771361776966,0.005100879991682443,766.1422572206294,,1,0,0,[762.4],[764.0],1,762.4,
2025-04-15 10:16:00,769.55,769.6,768.8,769.45,9761,768.6575,767.745,,769.3342463807305,768.8687597033421,767.5681864785331,72.4137931034481,770.6435765342773,766.6714234657228,0.005167650180417757,766.1576546216241,,1,0,0,[762.4],[764.0],1,762.4,
2025-04-15 10:17:00,769.35,769.75,768.7,768.75,38659,768.65,767.8240000000001,,769.2173971045845,768.8574492554047,767.614532106826,66.31578947368294,770.6333517616733,766.6666482383266,0.0051606108415361,766.2130559265357,,1,0,0,[762.4],[764.0],1,762.4,
2025-04-15 10:18:00,769.0,769.0,768.7,768.85,6197,768.6949999999999,767.88,,769.1439176836676,768.8567398025091,767.6629818281269,65.95744680850972,770.6521461500455,766.7378538499544,0.005092126656334593,766.2210816179658,,1,0,0,[762.4],[764.0],1,762.4,
2025-04-15 10:19:00,768.7,768.9,768.55,768.9,8365,768.73,767.928,,769.0951341469341,768.8608598213177,767.711492344671,64.83516483516412,770.6748717993215,766.7851282006785,0.005059960712659852,766.2315651398968,,1,1,0,[762.4],[764.0],1,762.4,
2025-04-15 10:20:00,768.6,769.9,768.6,769.8,17214,768.825,767.99,,769.2361073175473,768.9503017430969,767.7933946056643,68.93203883495005,770.7847260818278,766.8652739181723,0.00509797699561731,766.2582982689385,,1,0,0,[762.4],[764.0],1,762.4,
2025-04-15 10:21:00,769.9,770.2,769.65,770.0,24499,768.94,768.06,,769.3888858540379,769.0502730056592,767.8799281505402,65.59139784946179,770.8916794387362,766.9883205612639,0.0050762853765863765,766.3016516296276,,1,0,1,[762.4],[764.0],1,762.4,
2025-04-15 10:22:00,770.1,770.1,769.65,769.7,8358,769.05,768.122,,769.4511086832304,769.112151767025,767.9513035171857,58.241758241757914,770.9055748151835,767.1944251848164,0.004825628542184666,766.315677857668,,1,0,0,[762.4],[764.0],1,762.4,
2025-04-15 10:23:00,769.65,769.65,769.1,769.1,8312,769.145,768.186,,769.3808869465844,769.1109944558798,767.9963504380804,35.89743589743635,770.7836451399688,767.5063548600311,0.004260952460118298,766.3274081897663,,1,0,0,[762.4],[764.0],1,762.4,
2025-04-15 10:24:00,769.35,769.4,769.0,769.1,9406,769.2325,768.266,,769.3247095572675,769.1099473648436,768.0396308130577,35.89743589743635,770.6378562949643,767.8271437050356,0.0036539181455914806,766.3400515625142,,1,0,0,[762.4],[764.0],1,762.4,
2025-04-15 10:25:00,769.1,769.3,769.0,769.25,5212,769.3175,768.345,,769.3097676458141,769.123285711049,768.0870962713692,44.92753623188397,770.4788399701733,768.1561600298267,0.0030191435140194895,766.3470500959478,,1,0,0,[762.4],[764.0],1,762.4,
2025-04-15 10:26:00,769.15,769.2,769.0,769.0,4091,769.375,768.411,,769.2478141166513,769.1115442147586,768.12289641759,42.465753424658345,770.325069249557,768.424930750443,0.0024697169769151116,766.352294324792,,1,0,0,[762.4],[764.0],1,762.4,
2025-04-15 10:27:00,769.05,769.15,768.75,768.95,10142,769.3950000000001,768.4670000000001,,769.1882512933211,769.0961590514482,768.1553318521943,41.095890410959164,770.2870113287022,768.502988671298,0.00231873440483002,766.3646534249846,,1,0,0,[762.4],[764.0],1,762.4,
2025-04-15 10:28:00,768.9,768.95,768.45,768.7,27710,769.3824999999999,768.5210000000001,,769.0906010346569,769.058429617977,768.1766913874023,38.46153846153868,770.3071763302886,768.4578236697113,0.002403684332016031,766.3946210382173,,1,0,0,[762.4],[764.0],1,762.4,
2025-04-15 10:29:00,768.7,768.95,768.3,768.45,16445,769.2950000000001,768.57,,768.9624808277256,769.0004839400744,768.1874093722101,38.46153846153868,770.2251386427536,768.3648613572466,0.00241815855491974,766.4110372245492,,1,1,0,[762.4],[764.0],1,762.4,
2025-04-15 10:30:00,768.55,768.6,768.35,768.6,4565,769.215,768.61,,768.8899846621805,768.9623426124483,768.2035893968293,39.24050632911345,770.0910557540574,768.3389442459427,0.002277791655278036,766.4154456344785,,1,0,0,[762.4],[764.0],1,762.4,
2025-04-15 10:31:00,768.9,769.1,768.5,768.5,8993,769.1600000000001,768.6310000000001,,768.8119877297445,768.9183099826913,768.2152133420517,46.26865671641781,770.071678613736,768.2483213862641,0.00237058248930247,766.4248294141754,,1,0,0,[762.4],[764.0],1,762.4,
2025-04-15 10:32:00,768.9,769.3,768.55,769.1,17120,769.1375,768.665,,768.8695901837956,768.9356137938636,768.2499108580497,53.246753246753336,770.03067588296,768.24432411704,0.002322538903538076,766.4446802514589,,1,0,1,[762.4],[764.0],1,762.4,
2025-04-15 10:33:00,768.95,769.1,768.4,768.55,12453,769.085,768.6709999999999,,768.8056721470365,768.8988886706385,768.2616790596949,45.97701149425263,769.9871028066085,768.1828971933916,0.002345911847477114,766.4572436065853,,1,0,0,[762.4],[764.0],1,762.4,
2025-04-15 10:34:00,768.55,768.6,768.15,768.45,8592,769.0274999999999,768.69,,768.7345377176292,768.8561373686729,768.2690641946089,30.98591549295878,769.9379510160563,768.1170489839435,0.002367798332456026,766.4647370099373,,1,0,0,[762.4],[764.0],1,762.4,
2025-04-15 10:35:00,768.35,768.45,768.3,768.3,1825,768.975,768.6979999999999,,768.6476301741034,768.8031719049898,768.2702773634478,25.714285714285054,769.9272825763762,768.0227174236238,0.0024767582206865132,766.4662802931961,,1,0,0,[762.4],[764.0],1,762.4,
2025-04-15 10:36:00,768.35,768.35,768.0,768.0,9180,768.9025,768.695,,768.5181041392827,768.7266793426098,768.2596782511557,25.714285714285054,769.9209999289494,767.8840000710507,0.002649230374330638,766.4730482024514,,1,0,0,[762.4],[764.0],1,762.4,
2025-04-15 10:37:00,768.1,768.15,768.0,768.0,2631,768.865,768.695,,768.4144833114262,768.6574717861708,768.2494947903261,31.034482758620143,769.959531863404,767.770468136596,0.0028471366583313644,766.474899411049,,1,0,0,[762.4],[764.0],1,762.4,
2025-04-15 10:38:00,768.05,768.45,767.7,767.9,14527,768.8175,768.69,,768.3115866491411,768.5853316160593,768.2357891122741,29.999999999999247,769.9941477807766,767.6408522192233,0.003060928713970865,766.4848283980804,,1,1,1,[762.4],[764.0],1,762.4,
2025-04-15 10:39:00,767.9,767.95,767.75,767.8,2778,768.7625,768.693,,768.2092693193129,768.5105381288156,768.2186993431653,25.423728813558924,770.0227735709722,767.5022264290279,0.0032787071975340035,766.4864870698623,,1,0,0,[762.4],[764.0],1,762.4,
2025-04-15 10:40:00,767.85,767.95,767.75,767.8,6669,768.6625,768.6859999999999,,768.1274154554503,768.4428678308332,768.2022797610804,27.777777777777317,769.8931930011846,767.4318069988154,0.003202167404249825,766.4904523503756,,1,0,0,[762.4],[764.0],1,762.4,
2025-04-15 10:41:00,767.85,767.95,767.5,767.55,7331,768.54,768.68,,768.0119323643603,768.3578327993253,768.1767001626066,25.862068965516414,769.6955814212159,767.384418578784,0.003007212171691702,766.4942467370317,,1,0,0,[762.4],[764.0],1,762.4,
2025-04-15 10:42:00,767.6,767.8,767.5,767.65,5547,768.4375,768.6690000000001,,767.9395458914883,768.2904201517705,768.1560452542691,30.90909090909045,769.5212920756144,767.3537079243856,0.0028207683139211273,766.4970609465001,,1,0,0,[762.4],[764.0],1,762.4,
2025-04-15 10:43:00,767.7,768.2,767.55,768.05,13877,768.385,768.669,,767.9616367131906,768.267522994459,768.1518866168468,43.103448275860714,769.4348621463423,767.3351378536577,0.002732646124904366,766.5057571164414,,1,0,0,[762.4],[764.0],1,762.4,
2025-04-15 10:44:00,768.15,768.5,768.0,768.35,13842,768.3475,768.6590000000001,,768.0393093705526,768.2753779473677,768.1596557691273,45.90163934426255,769.3419450978502,767.3530549021498,0.0025885295334472725,766.516428179867,,1,0,1,[762.4],[764.0],1,762.4,
2025-04-15 10:45:00,768.1,768.35,768.1,768.15,6135,768.2925,768.63,,768.0614474964422,768.2634371904755,768.1592771115145,44.444444444444436,769.1941213465964,767.3908786534037,0.0023470783499679026,766.5208957651269,,1,0,0,[762.4],[764.0],1,762.4,
2025-04-15 10:46:00,768.05,768.2,767.9,768.0,7251,768.2425000000001,768.6089999999999,,768.0491579971538,768.2383479342398,768.1530309502787,29.629629629630415,769.0880922869777,767.3969077130224,0.0022013681538775804,766.5256244680215,,1,0,0,[762.4],[764.0],1,762.4,
2025-04-15 10:47:00,767.9,768.0,767.1,767.1,12688,768.15,768.573,,767.8593263977231,768.1299338452645,768.1117356188952,26.22950819672296,769.0710977432598,767.2289022567402,0.002398223636685004,766.5303820723523,,1,0,0,[762.4],[764.0],1,762.4,
2025-04-15 10:48:00,767.25,767.4,767.1,767.15,3754,768.0725,768.557,,767.7174611181784,768.0366068123822,768.0740204965856,28.333333333333016,769.0573724202744,767.0876275797256,0.0025645298335103205,766.5314851271211,,1,0,0,[762.4],[764.0],1,762.4,
2025-04-15 10:49:00,767.35,767.7,767.1,767.5,11629,768.025,768.5429999999999,,767.6739688945428,767.9855014016791,768.0515098888764,37.50000000000089,769.0247368074733,767.0252631925266,0.002603396523481315,766.5359531706317,,1,0,0,[762.4],[764.0],1,762.4,
2025-04-15 10:50:00,767.55,767.55,767.3,767.3,9122,767.9599999999999,768.5310000000001,,767.5991751156342,767.9202155539001,768.022038912842,38.709677419354605,768.9713045249141,766.9486954750857,0.0026337427077300396,766.5392335602502,,1,0,0,[762.4],[764.0],1,762.4,
2025-04-15 10:51:00,767.4,767.5,767.2,767.4,5547,767.905,768.525,,767.5593400925075,767.8706712154334,767.9976452299856,40.625000000000114,768.9122892230903,766.8977107769097,0.002623473536675268,766.5411768026551,,1,0,0,[762.4],[764.0],1,762.4,
2025-04-15 10:52:00,767.55,767.55,767.35,767.5,3837,767.825,768.525,,767.547472074006,767.8353691949159,767.9781297307704,43.75000000000067,768.674458031556,766.9755419684441,0.002212634471542262,766.5426778501483,,1,0,0,[762.4],[764.0],1,762.4,
2025-04-15 10:53:00,767.5,767.75,767.5,767.65,7625,767.78,768.5340000000001,,767.5679776592049,767.8177149858763,767.9652618981912,47.69230769230813,768.560283349348,766.999716650652,0.002032570135580496,766.5461818242591,,1,0,0,[762.4],[764.0],1,762.4,
2025-04-15 10:54:00,767.6,767.8,767.5,767.55,3026,767.735,768.538,,767.564382127364,767.7922183205548,767.94897711787,46.268656716418064,768.4539905204018,767.0160094795982,0.001873017435447917,766.5475449299681,,1,0,0,[762.4],[764.0],1,762.4,
2025-04-15 10:55:00,767.7,767.95,767.6,767.85,3818,767.7125,768.544,,767.6215057018912,767.7977213376448,767.9450956622672,54.41176470588309,768.383614548232,767.041385451768,0.0017483486285087874,766.5495539347901,,1,0,0,[762.4],[764.0],1,762.4,
2025-04-15 10:56:00,767.95,768.15,767.85,768.0,10443,767.7125,768.547,,767.697204561513,767.8169859721548,767.9472487735509,55.07246376811604,768.383614548232,767.041385451768,0.0017483486285087874,766.555889837533,,1,0,0,[762.4],[764.0],1,762.4,
2025-04-15 10:57:00,768.1,768.2,767.9,767.95,4922,767.7099999999999,768.535,,767.7477636492105,767.8296539748068,767.9473566647843,48.387096774195086,768.3769648456025,767.0430351543973,0.0017375437225061352,766.5588911685453,,1,0,1,[762.4],[764.0],1,762.4,
2025-04-15 10:58:00,767.95,768.0,767.5,767.8,6444,767.705,768.512,,767.7582109193684,767.82682978673,767.9415779720476,40.67796610169426,768.3674515871139,767.0425484128862,0.0017257972453322,766.5621313064911,,1,0,0,[762.4],[764.0],1,762.4,
2025-04-15 10:59:00,767.75,767.75,767.5,767.65,3574,767.6975,768.4609999999999,,767.7365687354948,767.8099888546604,767.9301435417713,41.37931034482786,768.3588184597982,767.0361815402018,0.0017228620903367985,766.5637227893933,,1,0,0,[762.4],[764.0],1,762.4,
2025-04-15 11:00:00,767.65,767.75,767.6,767.65,3312,767.6899999999999,768.41,,767.7192549883958,767.7947518208832,767.9191575205253,43.63636363636349,768.349824538085,767.0301754619148,0.0017189869298417436,766.5652392190397,,1,0,0,[762.4],[764.0],1,762.4,
2025-04-15 11:01:00,767.7,767.85,767.7,767.85,4141,767.705,768.375,,767.7454039907167,767.8000135522277,767.916445460897,68.29268292682764,768.3650637927753,767.0449362072247,0.0017195766414841746,766.5673581687838,,1,0,0,[762.4],[764.0],1,762.4,
2025-04-15 11:02:00,767.85,768.0,767.8,767.85,6100,767.715,768.3409999999999,,767.7663231925734,767.8047741663013,767.9138397565481,67.49999999999915,768.3776104674585,767.0523895325416,0.0017261886701664582,766.5706764535507,,1,0,0,[762.4],[764.0],1,762.4,
2025-04-15 11:03:00,767.85,768.0,767.8,767.95,3903,767.7099999999999,768.308,,767.8030585540588,767.8186051980821,767.915257805311,62.857142857142485,768.36341209694,767.0565879030598,0.0017022367741467155,766.5728445393472,,1,0,0,[762.4],[764.0],1,762.4,
2025-04-15 11:04:00,767.95,768.0,767.8,767.8,5968,767.6825000000001,768.2719999999999,,767.802446843247,767.8168332744552,767.9107378913772,64.70588235293881,768.2649404193667,767.1000595806336,0.0015173992356646102,766.576023396748,,1,0,0,[762.4],[764.0],1,762.4,
2025-04-15 11:05:00,767.85,767.9,767.7,767.7,3966,767.66,768.239,,767.7819574745977,767.8057062959357,767.9024736603428,58.82352941176588,768.1995904880031,767.1204095119969,0.0014058059245059375,766.5779642536303,,1,0,0,[762.4],[764.0],1,762.4,
2025-04-15 11:06:00,767.85,767.85,767.7,767.7,4999,767.645,768.204,,767.7655659796782,767.7956390296561,767.8945335168,56.25000000000089,768.1609559344773,767.1290440655226,0.0013442566146522077,766.5803674636064,,1,0,0,[762.4],[764.0],1,762.4,
2025-04-15 11:07:00,767.8,767.9,767.7,767.8,2339,767.6800000000001,768.185,,767.7724527837426,767.796054360165,767.8908263200628,54.83870967741841,768.1311972377742,767.2288027622259,0.0011754825911165622,766.5815364527733,,1,0,0,[762.4],[764.0],1,762.4,
2025-04-15 11:08:00,767.5,767.7,767.5,767.6,6489,767.7025,768.16,,767.7379622269941,767.7773825163398,767.8794213663349,51.515151515153605,768.0815222879244,767.3234777120756,0.0009874197047017189,766.5842374319864,,1,0,0,[762.4],[764.0],1,762.4,
2025-04-15 11:09:00,767.55,767.6,767.25,767.25,12497,767.6899999999999,768.127,,767.6403697815954,767.7271556100217,767.8547381754983,32.352941176469216,768.1112762564127,767.2687237435872,0.0010975165924077136,766.5882133399908,,1,0,0,[762.4],[764.0],1,762.4,
2025-04-15 11:10:00,767.3,767.3,767.0,767.0,5749,767.675,768.071,,767.5122958252764,767.6579026947815,767.8212190313611,22.222222222221518,768.169708845799,767.1802911542009,0.001288849697591027,766.5894069232492,,1,0,0,[762.4],[764.0],1,762.4,
2025-04-15 11:11:00,767.1,767.1,766.65,766.9,17209,767.65,768.0090000000001,,767.3898366602211,767.5857214857547,767.7850927948372,21.621621621620122,768.243827903482,767.0561720965179,0.001547131905118388,766.5914446425153,,1,0,0,[762.4],[764.0],1,762.4,
2025-04-15 11:12:00,766.85,766.9,766.8,766.85,4503,767.6175000000001,767.952,,767.281869328177,767.5156527728257,767.7484224891573,22.857142857143046,768.3090086481983,766.9259913518018,0.0018017011029535857,766.5919128285675,,1,0,0,[762.4],[764.0],1,762.4,
2025-04-15 11:13:00,766.85,767.2,766.65,766.85,23227,767.5775000000001,767.9069999999999,,767.1954954625417,767.4522572706518,767.7131902346806,25.0,768.3490159376914,766.8059840623088,0.002010261993587184,766.594763795291,,1,0,0,[762.4],[764.0],1,762.4,
2025-04-15 11:14:00,766.8,766.9,766.5,766.8,5446,767.54,767.8610000000001,,767.1163963700334,767.3901375305898,767.6773788529284,24.242424242423198,768.3864165952048,766.6935834047952,0.002205530904460486,766.5950638010173,,1,1,0,[762.4],[764.0],1,762.4,
2025-04-15 11:15:00,766.9,767.25,766.75,767.1,8734,767.5024999999999,767.818,,767.1131170960267,767.3625053848193,767.6547365449704,28.57142857142857,768.3575007694709,766.647499230529,0.002228007777097696,766.5965802691428,,1,0,0,[762.4],[764.0],1,762.4,
2025-04-15 11:16:00,767.05,767.5,766.9,767.4,4449,767.4725,767.7860000000001,,767.1704936768214,767.3660763005508,767.6447468765402,39.02439024390109,768.2955079618506,766.6494920381493,0.0021447230014121294,766.5977592513058,,1,0,1,[762.4],[764.0],1,762.4,
2025-04-15 11:17:00,767.3,767.35,766.85,766.85,6828,767.4175,767.7439999999999,,767.1063949414571,767.3169261766889,767.6135803323622,27.99999999999855,768.2530741801496,766.5819258198504,0.002177626077460033,766.5988873691131,,1,0,0,[762.4],[764.0],1,762.4,
2025-04-15 11:18:00,766.9,767.1,766.7,766.9,11423,767.3725,767.7080000000001,,767.0651159531657,767.2772189217661,767.5855967899166,31.249999999998522,768.2182167623452,766.5267832376547,0.0022041883501042977,766.6002378853644,,1,0,0,[762.4],[764.0],1,762.4,
2025-04-15 11:19:00,767.05,767.15,766.85,766.85,5498,767.3325,767.676,,767.0220927625326,767.2365314054074,767.5567498569787,31.914893617019217,768.1983886521379,766.4666113478621,0.002256879910958728,766.6009912958464,,1,0,0,[762.4],[764.0],1,762.4,
2025-04-15 11:20:00,766.95,767.0,766.7,766.8,5519,767.29,767.64,,766.9776742100261,767.1949569858448,767.5270733919992,31.249999999997044,768.1735335754535,766.4064664245465,0.0023029977595263804,766.6014926034434,,1,0,0,[762.4],[764.0],1,762.4,
2025-04-15 11:21:00,766.65,766.8,766.5,766.65,14310,767.23,767.6029999999998,,766.9121393680209,767.1430563205262,767.4926783570189,26.530612244897767,768.1163882955751,766.3436117044249,0.002310619489788205,766.6017624648874,,1,0,0,[762.4],[764.0],1,762.4,
2025-04-15 11:22:00,766.6,766.65,766.1,766.4,24393,767.1575,767.549,,766.8097114944168,767.0722890519046,767.4498282253711,25.999999999999105,768.0672570525932,766.2477429474069,0.0023717608251060205,766.5997105001851,,1,1,0,[762.4],[764.0],1,762.4,
2025-04-15 11:23:00,766.2,766.65,766.15,766.65,16737,767.0925,767.5110000000001,,766.7777691955334,767.0320710469613,767.4184624126115,37.4999999999994,767.9479930865054,766.2370069134945,0.0022304822078314567,766.598965169248,,1,0,0,[762.4],[764.0],1,762.4,
2025-04-15 11:24:00,766.65,767.0,766.5,767.0,7918,767.0525,767.482,,766.8222153564268,767.0290166615364,767.4020521219209,50.0,767.8408860929678,766.2641139070322,0.0020556248574062717,766.5996731215776,,1,0,0,[762.4],[764.0],1,762.4,
2025-04-15 11:25:00,767.0,767.5,766.95,767.2,9661,767.0275,767.46,,766.8977722851415,767.0453007890092,767.3941285092965,55.769230769232024,767.7590988259362,766.2959011740638,0.0019076208504550435,766.6019387824009,,1,0,0,[762.4],[764.0],1,762.4,
2025-04-15 11:26:00,767.45,767.65,767.2,767.5,8210,767.0175,767.45,,767.0182178281133,767.0886054757702,767.3982803324614,61.40350877192933,767.7150709735675,766.3199290264325,0.001818918013128796,766.6045769927044,,1,0,1,[762.4],[764.0],1,762.4,
2025-04-15 11:27:00,767.5,767.6,767.25,767.25,6297,766.99,767.435,,767.0645742624906,767.1039763828397,767.3924654174629,56.451612903225396,767.5948923349225,766.3851076650775,0.0015773147887782385,766.6063910200289,,1,0,0,[762.4],[764.0],1,762.4,
2025-04-15 11:28:00,767.4,767.6,767.25,767.5,8930,766.985,767.427,,767.1516594099925,767.1416929178074,767.3966824599153,60.60606060606144,767.569987629204,766.400012370796,0.001525421303425661,766.6092291557254,,1,0,0,[762.4],[764.0],1,762.4,
2025-04-15 11:29:00,767.5,767.55,767.3,767.5,4424,766.9975000000001,767.4209999999999,,767.221327527994,767.1758174018257,767.4007341281539,56.666666666666536,767.6160509382128,766.3789490617874,0.0016129151352193625,766.6106281309761,,1,0,0,[762.4],[764.0],1,762.4,
2025-04-15 11:30:00,767.5,767.7,767.15,767.15,12294,767.005,767.408,,767.2070620223952,767.1733586016519,767.3909014172459,45.901639344262236,767.6273047146702,766.3826952853298,0.0016226875044367001,766.613954482513,,1,0,1,[762.4],[764.0],1,762.4,
2025-04-15 11:31:00,767.25,767.3,767.0,767.0,7204,767.01,767.3969999999999,,767.1656496179162,767.1568482586374,767.3755719499029,52.83018867924488,767.6303564340516,766.3896435659484,0.001617596730294486,766.6152618409327,,1,0,0,[762.4],[764.0],1,762.4,
2025-04-15 11:32:00,767.05,767.1,766.6,766.8,9220,767.0074999999999,767.38,,767.092519694333,767.1228627101957,767.3530005008871,48.21428571428535,767.6309665398574,766.3840334601425,0.0016257117169191124,766.6160099782944,,1,0,0,[762.4],[764.0],1,762.4,
2025-04-15 11:33:00,766.85,766.85,766.6,766.65,5581,766.9975,767.3520000000001,,767.0040157554664,767.0778281663676,767.3254318537935,46.551724137930364,767.6377918742389,766.357208125761,0.0016696061570969473,766.616184034816,,1,0,0,[762.4],[764.0],1,762.4,
2025-04-15 11:34:00,766.65,766.85,766.5,766.55,7776,766.985,767.3159999999999,,766.9132126043731,767.0275588171897,767.2950227614879,45.762711864406846,767.6507801122748,766.3192198877252,0.0017360968265996706,766.616233409124,,1,0,0,[762.4],[764.0],1,762.4,
2025-04-15 11:35:00,766.75,766.75,766.5,766.5,2812,766.955,767.283,,766.8305700834985,766.9773151203145,767.2638453982923,47.368421052632,767.652287979476,766.2577120205241,0.0018183282708267349,766.6161991908032,,1,0,0,[762.4],[764.0],1,762.4,
2025-04-15 11:36:00,766.55,766.85,766.5,766.75,5595,766.9225,767.258,,766.8144560667988,766.9556660612369,767.2436945983593,56.14035087719333,767.5925157107391,766.2524842892609,0.001747284010415936,766.6163722509137,,1,0,0,[762.4],[764.0],1,762.4,
2025-04-15 11:37:00,766.75,767.4,766.75,767.4,10311,766.95,767.2639999999999,,766.9315648534391,766.9979835792143,767.2498242219531,61.53846153846153,767.6518771822429,766.2481228177572,0.0018303075356745828,766.618521827859,,1,0,0,[762.4],[764.0],1,762.4,
2025-04-15 11:38:00,767.35,767.4,767.15,767.3,3629,766.97,767.2670000000002,,767.0052518827513,767.0267470478606,767.2517918995236,54.99999999999925,767.6884779233363,766.2515220766637,0.0018735489610709904,766.6194077699159,,1,0,0,[762.4],[764.0],1,762.4,
2025-04-15 11:39:00,767.15,767.9,767.15,767.85,14577,767.02,767.2740000000001,,767.174201506201,767.1051520909215,767.2752510407188,59.70149253731302,767.8358947300555,766.2041052699444,0.002127440562320568,766.6248062999437,,1,0,0,[762.4],[764.0],1,762.4,
2025-04-15 11:40:00,767.9,768.3,767.75,768.25,18798,767.0925,767.293,,767.3893612049609,767.2141852251194,767.3134764901024,60.86956521739116,768.0681374434487,766.1168625565513,0.0025437282816575687,766.6348661208933,,1,0,0,[762.4],[764.0],1,762.4,
2025-04-15 11:41:00,768.05,768.2,767.8,767.9,6935,767.155,767.303,,767.4914889639688,767.2795009179652,767.3364774120591,59.154929577464294,768.1706149291032,766.1393850708968,0.002647743752183608,766.6382082558653,,1,0,0,[762.4],[764.0],1,762.4,
2025-04-15 11:42:00,768.0,768.5,767.8,768.5,14435,767.26,767.323,,767.693191171175,767.395738925778,767.3821057488411,62.82051282051252,768.3761965493808,766.1438034506192,0.0029095653347777505,766.6466701812498,,1,0,0,[762.4],[764.0],1,762.4,
2025-04-15 11:43:00,768.6,769.25,768.55,769.1,30256,767.3824999999999,767.352,,767.9745529369401,767.5580495042753,767.4494741508473,67.77777777777757,768.730510229544,766.0344897704558,0.0035132681017461718,766.6716661532897,,1,0,1,[762.4],[764.0],1,762.4,
2025-04-15 11:44:00,768.95,769.1,768.35,768.75,21906,767.47,767.3760000000001,,768.1296423495521,767.6715685991063,767.5004751645396,67.77777777777757,768.9355338527967,766.0044661472034,0.0038191300058546263,766.687624142657,,1,0,0,[762.4],[764.0],1,762.4,
2025-04-15 11:45:00,768.75,769.05,768.4,768.65,15723,767.5424999999999,767.3920000000002,,768.2337138796418,767.7647525420485,767.5455545698518,68.53932584269572,769.0928055725984,765.9921944274014,0.004039660533712512,766.6987423546135,,1,0,0,[762.4],[764.0],1,762.4,
2025-04-15 11:46:00,768.75,768.85,768.5,768.6,4642,767.5975,767.4040000000001,,768.3069711037135,767.8442999189963,767.586905371034,70.93023255813999,769.217920673129,765.9770793268709,0.004222058235283588,766.7019199775754,,1,0,0,[762.4],[764.0],1,762.4,
2025-04-15 11:47:00,768.7,768.75,768.25,768.25,7675,767.6474999999999,767.41,,768.2955768829709,767.882938021949,767.612909081974,67.77777777777757,769.2844017589429,766.010598241057,0.004264722438210092,766.706524591131,,1,0,0,[762.4],[764.0],1,762.4,
2025-04-15 11:48:00,768.35,768.4,768.0,768.2,5380,767.6825,767.418,,768.2764615063768,767.913134400811,767.6359322552299,68.53932584269745,769.3359732184769,766.0290267815232,0.004307700692608852,766.7093305316638,,1,0,0,[762.4],[764.0],1,762.4,
2025-04-15 11:49:00,768.2,768.3,767.8,768.0,11267,767.7075,767.425,,768.2211692051015,767.9214073150195,767.6502094216916,66.30434782608647,769.3644709205622,766.0505290794378,0.004316672484148534,766.7145196056671,,1,0,0,[762.4],[764.0],1,762.4,
2025-04-15 11:50:00,768.0,768.0,767.8,767.85,6429,767.7425,767.429,,768.1469353640813,767.914606618351,767.6580443463312,62.222222222222165,769.3793374513418,766.1056625486581,0.0042640272001142985,766.717127627685,,1,0,0,[762.4],[764.0],1,762.4,
2025-04-15 11:51:00,767.85,768.2,767.65,767.65,21983,767.775,767.425,,768.0475482912651,767.8894059880319,767.6577288817692,53.08641975308629,769.3751644652347,766.1748355347653,0.004168316147920117,766.7255794964879,,1,0,0,[762.4],[764.0],1,762.4,
2025-04-15 11:52:00,767.7,767.7,767.5,767.55,5569,767.8125,767.4190000000001,,767.9480386330122,767.8570816082193,767.653504219739,53.08641975308629,769.3503984293372,766.2746015706628,0.004005921834659495,766.7272217082605,,1,1,0,[762.4],[764.0],1,762.4,
2025-04-15 11:53:00,767.7,768.05,767.65,767.9,7834,767.875,767.418,,767.9384309064097,767.8611690741033,767.6631707209258,50.64935064935004,769.3122854531008,766.4377145468992,0.0037435401676074852,766.7302822486215,,1,0,0,[762.4],[764.0],1,762.4,
2025-04-15 11:54:00,768.0,768.0,767.75,767.9,4405,767.9424999999999,767.42,,767.9307447251279,767.864867257522,767.6724581436346,44.92753623188397,769.2375411495233,766.6474588504765,0.0033727555110529745,766.7320210910485,,1,0,0,[762.4],[764.0],1,762.4,
2025-04-15 11:55:00,767.85,768.45,767.85,768.15,6250,768.025,767.429,,767.9745957801023,767.8920227568055,767.6911852752568,53.731343283581936,769.1292978240594,766.9207021759405,0.0028756819740489493,766.7350486130181,,1,0,0,[762.4],[764.0],1,762.4,
2025-04-15 11:56:00,768.45,768.5,768.1,768.4,3210,768.1075,767.443,,768.0596766240818,767.9404015418717,767.7189819311291,48.33333333333302,769.0446148331655,767.1703851668344,0.0024400616662785812,766.7367993492298,,1,0,0,[762.4],[764.0],1,762.4,
2025-04-15 11:57:00,768.4,768.6,768.2,768.4,16896,768.1575,767.455,,768.1277412992655,767.9841728235982,767.7456885220652,35.41666666666627,769.0408399536402,767.2741600463598,0.0022998928049005273,766.7463337477132,,1,0,0,[762.4],[764.0],1,762.4,
2025-04-15 11:58:00,768.55,768.6,768.2,768.45,6199,768.215,767.472,,768.1921930394125,768.0285373165889,767.7733085800235,42.85714285714441,769.0084601107691,767.421539889231,0.0020657240766427283,766.7498394656232,,1,0,0,[762.4],[764.0],1,762.4,
2025-04-15 11:59:00,768.45,768.6,768.2,768.2,6030,768.2325,767.4910000000001,,768.19375443153,768.0448670959614,767.7900415768853,40.000000000002025,769.0072835011779,767.457716498822,0.0020170547358460407,766.7530657321265,,1,0,0,[762.4],[764.0],1,762.4,
2025-04-15 12:00:00,768.2,768.45,768.1,768.2,4009,768.23,767.515,,768.195003545224,768.0596416582508,767.8061183777918,40.909090909092086,769.0048684098897,767.4551315901103,0.002017282350050577,766.7550906967575,,1,0,0,[762.4],[764.0],1,762.4,
2025-04-15 12:01:00,768.3,768.4,768.15,768.15,3447,768.2425000000001,767.54,,768.1860028361792,768.0682472146079,767.8196039316039,47.36842105263127,769.0028842519015,767.4821157480986,0.001979542271877507,766.7568080547097,,1,0,0,[762.4],[764.0],1,762.4,
2025-04-15 12:02:00,768.35,768.35,767.5,767.55,10882,768.1949999999999,767.554,,768.0588022689434,768.0188903370263,767.8090312284037,36.73469387755065,769.004743299163,767.3852567008369,0.002108171230385707,766.7606200895179,,1,0,0,[762.4],[764.0],1,762.4,
2025-04-15 12:03:00,767.85,767.85,767.35,767.5,6455,768.115,767.567,,767.9470418151548,767.9694722096905,767.7969123567016,39.130434782609555,768.8619939758879,767.3680060241121,0.0019450055678847662,766.7623635011347,,1,0,0,[762.4],[764.0],1,762.4,
2025-04-15 12:04:00,767.5,767.5,767.15,767.25,5275,768.04,767.5759999999999,,767.8076334521238,767.9009510468628,767.7754648133015,37.50000000000059,768.8190682694305,767.2609317305694,0.002028717955915269,766.763312111377,,1,0,0,[762.4],[764.0],1,762.4,
2025-04-15 12:05:00,767.25,767.25,766.6,766.8,11106,767.9475,767.57,,767.606106761699,767.7960985662093,767.7372112912112,33.96226415094421,768.8509873954274,767.0440126045726,0.002352992608029635,766.763756314892,,1,1,0,[762.4],[764.0],1,762.4,
2025-04-15 12:06:00,766.9,767.25,766.8,767.25,4866,767.88,767.567,,767.5348854093593,767.7440891789512,767.7181049660657,45.00000000000113,768.7799415185742,766.9800584814258,0.0023439639489874035,766.7643006782018,,1,0,0,[762.4],[764.0],1,762.4,
2025-04-15 12:07:00,767.3,767.4,767.0,767.1,4582,767.8225,767.572,,767.4479083274874,767.6827473523844,767.6938655556318,35.714285714287456,768.7686695630891,766.8763304369108,0.002464552844151201,766.764913137722,,1,0,0,[762.4],[764.0],1,762.4,
2025-04-15 12:08:00,767.25,767.5,767.0,767.3,9934,767.7774999999999,767.58,,767.41832666199,767.6462952235859,767.6784198475677,39.99999999999999,768.7336298084135,766.8213701915863,0.002490642949066903,766.7665635208828,,1,0,0,[762.4],[764.0],1,762.4,
2025-04-15 12:09:00,767.35,767.5,767.2,767.5,5890,767.7524999999999,767.5930000000001,,767.434661329592,767.6323623451491,767.6714229908004,38.9830508474586,768.7102797791109,766.794720220889,0.0024950222346680185,766.7677964622072,,1,0,0,[762.4],[764.0],1,762.4,
2025-04-15 12:10:00,767.5,767.55,767.2,767.4,4657,767.73,767.605,,767.4277290636736,767.6102325979921,767.6607789519454,32.142857142858304,768.6992102047869,766.7607897952131,0.002524872558808223,766.7687422996487,,1,0,0,[762.4],[764.0],1,762.4,
2025-04-15 12:11:00,767.4,767.6,767.1,767.5,3812,767.7225,767.6220000000001,,767.4421832509389,767.5997342553262,767.6544738950064,34.48275862069113,768.6966257889216,766.7483742110784,0.002537702852063299,766.7695352935785,,1,1,0,[762.4],[764.0],1,762.4,
2025-04-15 12:12:00,767.55,767.55,767.25,767.5,3525,767.72,767.6440000000001,,767.4537466007512,767.590235754819,767.6484160952023,33.33333333333333,768.6962441454828,766.7437558545173,0.0025432296813492523,766.7703054894217,,1,0,0,[762.4],[764.0],1,762.4,
2025-04-15 12:13:00,767.5,767.7,767.15,767.2,6124,767.6850000000001,767.655,,767.402997280601,767.5530704448362,767.6308311502924,32.758620689655714,768.6839994995046,766.6860005004955,0.0026026286810463166,766.7714716702466,,1,0,0,[762.4],[764.0],1,762.4,
2025-04-15 12:14:00,767.6,767.8,767.3,767.7,4827,767.675,767.669,,767.4623978244808,767.5670637358041,767.6335436542025,42.64705882352961,768.6689289395385,766.6810710604614,0.0025894524103001696,766.7727833508361,,1,0,0,[762.4],[764.0],1,762.4,
2025-04-15 12:15:00,767.45,767.95,767.4,767.5,8526,767.6424999999999,767.675,,767.4699182595847,767.5606767133467,767.6283066481554,40.845070422535706,768.6132701771542,766.6717298228457,0.002529224677253373,766.775136548575,,1,0,1,[762.4],[764.0],1,762.4,
2025-04-15 12:16:00,767.5,767.75,767.25,767.5,5278,767.5975,767.675,,767.4759346076678,767.5548979787422,767.6232750148945,49.15254237288214,768.501569745801,766.6934302541989,0.0023555828303272294,766.7763856774097,,1,0,0,[762.4],[764.0],1,762.4,
2025-04-15 12:17:00,767.6,767.75,767.2,767.55,5154,767.5550000000001,767.681,,767.4907476861342,767.5544315045763,767.6204014848986,50.847457627117855,768.3763595917483,766.7336404082519,0.0021401973584908056,766.7776013118846,,1,1,0,[762.4],[764.0],1,762.4,
2025-04-15 12:18:00,767.55,767.55,767.4,767.5,4454,767.5074999999999,767.681,,767.4925981489074,767.5492475517595,767.6156798580398,54.54545454545455,768.2125755838605,766.8024244161394,0.0018373125574943523,766.7786243962113,,1,0,0,[762.4],[764.0],1,762.4,
2025-04-15 12:19:00,767.55,767.55,767.45,767.55,6622,767.475,767.6820000000001,,767.504078519126,767.5493192134967,767.6131041773324,65.95744680851126,768.1011830907703,766.8488169092298,0.0016318006209199486,766.7802116880174,,1,0,0,[762.4],[764.0],1,762.4,
2025-04-15 12:20:00,767.55,767.65,767.45,767.65,7047,767.4475,767.692,,767.5332628153009,767.5589078598304,767.6145510723389,60.0,767.9810827267859,766.9139172732141,0.00139053870599847,766.7820456026936,,1,0,0,[762.4],[764.0],1,762.4,
2025-04-15 12:21:00,767.65,767.65,767.3,767.4,6621,767.4100000000001,767.7,,767.5066102522408,767.5437737779417,767.6061373047962,57.14285714285637,767.8287701291413,766.9912298708589,0.0010913856455902165,766.783475593247,,1,0,0,[762.4],[764.0],1,762.4,
2025-04-15 12:22:00,767.45,767.45,767.15,767.3,4896,767.3975,767.71,,767.4652882017926,767.5205572276616,767.5941319202944,50.0,767.8135908301748,766.9814091698253,0.0010844206038585393,766.784292002734,,1,0,0,[762.4],[764.0],1,762.4,
2025-04-15 12:23:00,767.4,767.4,767.1,767.2,10927,767.3825,767.7209999999999,,767.4122305614342,767.4900279678843,767.5786757665575,42.10526315789537,767.8046187161622,766.9603812838379,0.001100152052365326,766.7858704632869,,1,0,0,[762.4],[764.0],1,762.4,
2025-04-15 12:24:00,767.35,767.35,767.1,767.25,5801,767.3825,767.735,,767.3797844491473,767.4671681614192,767.5657865208101,45.945945945946114,767.8046187161622,766.9603812838379,0.001100152052365326,766.7867039460725,,1,0,0,[762.4],[764.0],1,762.4,
2025-04-15 12:25:00,767.3,767.35,767.05,767.25,9814,767.405,767.75,,767.3538275593179,767.4464854793792,767.5534027356803,42.85714285714193,767.7341136421996,767.0758863578003,0.000857731294947707,766.7880546096932,,1,0,0,[762.4],[764.0],1,762.4,
2025-04-15 12:26:00,767.15,767.5,767.0,767.45,21051,767.415,767.7640000000001,,767.3730620474544,767.4468201956289,767.5493477264379,48.71794871794976,767.7363458540311,767.0936541459688,0.0008374760827744177,766.7915926567116,,1,0,0,[762.4],[764.0],1,762.4,
2025-04-15 12:27:00,767.15,767.45,767.0,767.4,5791,767.43,767.7639999999999,,767.3784496379635,767.4423611293785,767.543490952852,55.88235294117471,767.715435954671,767.1445640453289,0.0007438748932697853,766.7924963989991,,1,0,0,[762.4],[764.0],1,762.4,
2025-04-15 12:28:00,767.4,767.65,767.35,767.65,6384,767.4475,767.771,,767.4327597103709,767.4621362599139,767.5476677782304,48.275862068963086,767.7421451925319,767.1528548074681,0.000767857586432694,766.7940280276347,,1,0,0,[762.4],[764.0],1,762.4,
2025-04-15 12:29:00,767.65,767.7,767.3,767.4,4920,767.4425,767.762,,767.4262077682968,767.4562185208745,767.5418768849665,46.666666666665655,767.736787721739,767.148212278261,0.0007669309993621946,766.79507454537,,1,0,0,[762.4],[764.0],1,762.4,
2025-04-15 12:30:00,767.4,767.5,767.3,767.5,4309,767.4475,767.747,,767.4409662146375,767.4603881855531,767.5402346541836,50.0,767.7421451925319,767.1528548074681,0.000767857586432694,766.7959430689192,,1,0,0,[762.4],[764.0],1,762.4,
2025-04-15 12:31:00,767.4,767.8,767.4,767.5,4071,767.4475,767.7389999999999,,767.45277297171,767.4641607393099,767.5386568246078,48.387096774194966,767.7421451925319,767.1528548074681,0.000767857586432694,766.7969326470406,,1,0,0,[762.4],[764.0],1,762.4,
2025-04-15 12:32:00,767.6,767.7,767.5,767.6,8861,767.4525000000001,767.7209999999999,,767.4822183773681,767.4770978117566,767.541062439329,53.125000000000675,767.7542056774375,767.1507943225627,0.0007862523802774493,766.7991707136596,,1,0,0,[762.4],[764.0],1,762.4,
2025-04-15 12:33:00,767.7,767.9,767.0,767.2,19946,767.4525,767.683,,767.4257747018945,767.4507075439702,767.5276874417083,41.025641025643566,767.7542056774374,767.1507943225625,0.0007862523802774494,766.8027085761469,,1,0,1,[762.4],[764.0],1,762.4,
2025-04-15 12:34:00,767.3,767.4,767.0,767.3,17898,767.4325000000001,767.654,767.5517500000001,767.4006197615156,767.4363544445445,767.5187585224256,41.02564102564013,767.7177053738478,767.1472946261524,0.0007432715550819191,766.8051041147022,,1,0,0,[762.4],[764.0],1,762.4,
2025-04-15 12:35:00,767.5,767.55,767.05,767.15,20773,767.4150000000001,767.6239999999999,767.5805,767.3504958092125,767.409082592683,767.5042974038992,43.243243243242915,767.7246687534293,767.1053312465708,0.0008070437857724025,766.8079581691696,,1,0,0,[762.4],[764.0],1,762.4,
2025-04-15 12:36:00,767.3,767.45,767.15,767.2,4679,767.4,767.5959999999999,767.599,767.32039664737,767.3891699648085,767.4923641723738,47.22222222222468,767.7211820274317,767.0788179725682,0.000837065487182033,766.8086200310815,,1,0,0,[762.4],[764.0],1,762.4,
2025-04-15 12:37:00,767.25,767.35,767.15,767.15,4717,767.38,767.574,767.6102500000001,767.2863173178961,767.366391872922,767.4789381263984,48.57142857142671,767.7115037508843,767.0484962491157,0.0008639885086509438,766.8092127134,,1,0,0,[762.4],[764.0],1,762.4,
2025-04-15 12:38:00,767.2,767.25,767.0,767.0,5303,767.355,767.55,767.6207499999999,767.2290538543169,767.3314974088341,767.4601562390886,43.24324324324374,767.7219217613546,766.9880782386455,0.000956328586780687,766.8096596038059,,1,0,0,[762.4],[764.0],1,762.4,
2025-04-15 12:39:00,766.95,767.0,766.75,766.95,21953,767.325,767.5290000000001,767.6289999999999,767.1732430834536,767.2951643222785,767.4401501120656,42.10526315789631,767.721696888141,766.9283031118591,0.0010339735787076479,766.8102652129343,,1,0,0,[762.4],[764.0],1,762.4,
2025-04-15 12:40:00,766.95,767.0,766.55,766.55,8297,767.2700000000001,767.503,767.6372500000001,767.0485944667629,767.2241962915854,767.4052422645336,28.571428571427802,767.7688407614371,766.7711592385631,0.001300300445571986,766.8099865512748,,1,0,0,[762.4],[764.0],1,762.4,
2025-04-15 12:41:00,766.55,766.75,765.9,766.55,90300,767.2275,767.4810000000001,767.638,766.9488755734103,767.1599871209581,767.371703352199,29.268292682926955,767.8164106803933,766.6385893196066,0.0015351657243604612,766.7990118882492,,1,1,0,[762.4],[764.0],1,762.4,
2025-04-15 12:42:00,766.55,766.85,766.05,766.1,26035,767.1675,767.452,767.6419999999999,766.7791004587283,767.0590359665812,767.321832632505,15.555555555556566,767.9409236940603,766.3940763059397,0.002016309851656344,766.795445416897,,1,0,0,[762.4],[764.0],1,762.4,
2025-04-15 12:43:00,766.2,766.25,766.1,766.15,12765,767.115,767.4169999999999,767.64675,766.6532803669827,766.9724611126211,767.2758784116224,19.51219512195054,768.0118365455762,766.2181634544238,0.0023382062548019705,766.7930931540384,,1,0,0,[762.4],[764.0],1,762.4,
2025-04-15 12:44:00,766.15,766.25,765.8,766.0,17441,767.0525,767.3790000000001,767.64875,766.5226242935862,766.879845768562,767.2258439641079,14.285714285712743,768.0751256196194,766.0298743803806,0.002666377124432452,766.7891447216234,,1,0,0,[762.4],[764.0],1,762.4,
2025-04-15 12:45:00,766.0,766.0,765.65,765.7,11711,766.975,767.33,767.6572500000001,766.358099434869,766.7674795048894,767.1660069459076,12.49999999999882,768.1571033884815,765.7928966115186,0.0030825082655404333,766.7857219094076,,1,0,0,[762.4],[764.0],1,762.4,
2025-04-15 12:46:00,765.7,766.0,765.65,765.65,11374,766.885,767.275,767.66675,766.2164795478952,766.6610528853761,767.1065556931269,8.510638297869775,768.1832174013081,765.5867825986919,0.003385689904765589,766.7823649161298,,1,0,0,[762.4],[764.0],1,762.4,
2025-04-15 12:47:00,765.8,766.0,765.65,765.9,11264,766.8100000000001,767.225,767.67225,766.1531836383162,766.5885716581975,767.0592397835925,20.45454545454298,768.1554015248855,765.4645984751146,0.00350908706168532,766.7793330950713,,1,0,0,[762.4],[764.0],1,762.4,
2025-04-15 12:48:00,765.8,765.85,765.5,765.65,10756,766.7099999999999,767.1690000000001,767.6702499999999,766.0525469106531,766.4991838812263,767.0039754783536,14.893617021277421,768.0893972749398,765.3306027250601,0.0035982242958611044,766.7758888476703,,1,0,0,[762.4],[764.0],1,762.4,
2025-04-15 12:49:00,765.65,765.85,765.5,765.85,8970,766.6324999999999,767.122,767.6669999999999,766.0120375285225,766.437356844919,766.958721538026,22.916666666668633,768.0227953113052,765.2422046886946,0.003627018972728901,766.7732044273959,,1,0,0,[762.4],[764.0],1,762.4,
2025-04-15 12:50:00,765.75,765.95,765.65,765.75,7440,766.545,767.073,767.6622499999999,765.959630022818,766.37189428826,766.9113206933976,20.408163265305745,767.9256558319586,765.1643441680413,0.003602282532554828,766.7710949059755,,1,0,1,[762.4],[764.0],1,762.4,
2025-04-15 12:51:00,765.8,765.8,765.5,765.65,7244,766.4525,767.023,767.6579999999999,765.8977040182544,766.3031424512828,766.8618571367938,20.0,767.8114760076907,765.0935239923093,0.003546145410682779,766.7687734899918,,1,0,0,[762.4],[764.0],1,762.4,
2025-04-15 12:52:00,765.5,765.7,765.5,765.5,6015,766.3475,766.9820000000001,767.6525,765.8181632146036,766.2266526940178,766.8084509745667,20.0,767.6567685784556,765.0382314215443,0.003416905720852898,766.7667101786074,,1,0,0,[762.4],[764.0],1,762.4,
2025-04-15 12:53:00,765.55,765.6,765.1,765.45,48670,766.26,766.941,767.6502499999999,765.744530571683,766.152685770778,766.7551783873288,20.0,767.5632752264178,764.9567247735822,0.003401652771690501,766.7477606748936,,1,1,0,[762.4],[764.0],1,762.4,
2025-04-15 12:54:00,765.5,765.5,765.2,765.25,21158,766.1575,766.9010000000001,767.6510000000001,765.6456244573465,766.0667156973706,766.6961517839042,21.739130434783036,767.4386487443961,764.8763512556039,0.0033443482427466713,766.7392891755703,,1,0,0,[762.4],[764.0],1,762.4,
2025-04-15 12:55:00,765.25,765.4,765.2,765.3,5214,766.0649999999999,766.8710000000001,767.651,765.5764995658772,765.9936951547638,766.641400733555,23.404255319147907,767.3110886172778,764.818911382722,0.0032532190278315954,766.7371926338277,,1,0,0,[762.4],[764.0],1,762.4,
2025-04-15 12:56:00,765.3,765.6,765.3,765.5,9452,765.98,766.836,767.65,765.5611996527017,765.9466765685959,766.5966399204744,35.714285714285325,767.1281793368101,764.8318206631899,0.0029979355513463295,766.733846476279,,1,0,0,[762.4],[764.0],1,762.4,
2025-04-15 12:57:00,765.6,765.65,764.9,765.35,104470,765.89,766.801,767.646,765.5189597221614,765.8898502287296,766.5477520804559,31.818181818183234,766.9290278857529,764.850972114247,0.00271325617452361,766.6932889086356,,1,1,1,[762.4],[764.0],1,762.4,
2025-04-15 12:58:00,765.35,765.35,765.0,765.15,9524,765.7974999999999,766.758,767.6417499999999,765.4451677777291,765.8193883021839,766.4929382733792,31.111111111111555,766.7458919909112,764.8491080090886,0.002476874084627642,766.6893623674118,,1,0,0,[762.4],[764.0],1,762.4,
2025-04-15 12:59:00,765.2,765.3,765.05,765.05,12553,765.7025,766.709,767.637,765.3661342221833,765.7461132257855,766.4363524587369,34.14634146341383,766.5388297007905,764.8661702992094,0.0021844768713450537,766.6841051659246,,1,0,0,[762.4],[764.0],1,762.4,
2025-04-15 13:00:00,765.15,765.2,765.0,765.1,12614,765.6299999999999,766.6629999999999,767.6295000000001,765.3129073777467,765.6845786328536,766.3839464799629,36.58536585366084,766.40622568612,764.8537743138797,0.0020276783462511716,766.6787452954712,,1,0,0,[762.4],[764.0],1,762.4,
2025-04-15 13:01:00,765.2,765.35,765.1,765.25,6412,765.5649999999999,766.6179999999999,767.6185,765.3003259021974,765.6431901916294,766.3394779905526,33.333333333335275,766.2260199455569,764.903980054443,0.0017268813113373073,766.6762635553628,,1,0,0,[762.4],[764.0],1,762.4,
2025-04-15 13:02:00,765.25,765.35,765.25,765.25,5907,765.5224999999999,766.5729999999999,767.6077500000001,765.2902607217579,765.6057435067123,766.2967533634721,38.23529411764883,766.1469787299928,764.898021270007,0.0016315097988443602,766.6740637661379,,1,0,0,[762.4],[764.0],1,762.4,
2025-04-15 13:03:00,765.3,765.3,765.15,765.3,3943,765.48,766.535,767.5930000000001,765.2922085774064,765.5766250775016,766.2576649962772,32.258064516127604,766.0366818991535,764.9233181008466,0.0014544649086937135,766.6725641387211,,1,0,0,[762.4],[764.0],1,762.4,
2025-04-15 13:04:00,765.3,765.3,765.1,765.25,7954,765.4425,766.4860000000001,767.58175,765.2837668619252,765.5455179272634,766.2181487219134,33.33333333333333,765.9506183036746,764.9343816963254,0.0013276459137676945,766.6694779537627,,1,0,0,[762.4],[764.0],1,762.4,
2025-04-15 13:05:00,765.2,765.3,765.15,765.15,4592,765.415,766.4390000000001,767.568,765.2570134895402,765.5078495532383,766.1762605367403,33.33333333333333,765.9239721324215,764.9060278675785,0.0013299246354500256,766.667681817153,,1,0,0,[762.4],[764.0],1,762.4,
2025-04-15 13:06:00,765.25,765.55,765.1,765.25,19675,765.395,766.3940000000001,767.5534999999999,765.2556107916322,765.48329245293,766.139936594123,41.37931034482786,765.8964715188455,764.8935284811545,0.001310360059434686,766.6605564749741,,1,0,1,[762.4],[764.0],1,762.4,
2025-04-15 13:07:00,765.3,765.35,765.1,765.1,7658,765.355,766.345,767.539,765.2244886333058,765.4467884097937,766.0991547669025,38.709677419354605,765.8125679414636,764.8974320585364,0.0011957011882423039,766.6575670503144,,1,0,0,[762.4],[764.0],1,762.4,
2025-04-15 13:08:00,765.15,765.35,765.15,765.15,5833,765.33,766.298,767.5239999999999,765.2095909066446,765.4185228469562,766.0619330113377,46.428571428570564,765.7741431727466,764.8858568272535,0.0011606579455830071,766.6553494505275,,1,0,0,[762.4],[764.0],1,762.4,
2025-04-15 13:09:00,765.15,765.35,765.15,765.2,15332,765.2975,766.2509999999999,767.51175,765.2076727253158,765.3977111472461,766.0281317167754,46.42857142857491,765.6709265234603,764.9240734765398,0.0009758989764378923,766.6496200756666,,1,0,0,[762.4],[764.0],1,762.4,
2025-04-15 13:10:00,765.25,765.35,765.05,765.1,7760,765.265,766.2,767.4965000000001,765.1861381802527,765.3693577046513,765.991734394549,34.615384615386304,765.5813941579113,764.9486058420887,0.0008268878307809826,766.6466021508701,,1,0,0,[762.4],[764.0],1,762.4,
2025-04-15 13:11:00,765.1,765.1,764.85,765.0,12671,765.2325,766.1519999999999,767.48225,765.1489105442022,765.3341807803988,765.9528428496648,36.00000000000036,765.5139903943435,764.9510096056564,0.0007356990047954415,766.6410934174708,,1,0,0,[762.4],[764.0],1,762.4,
2025-04-15 13:12:00,765.1,765.2,765.0,765.0,5528,765.2075,766.1059999999999,767.46625,765.1191284353617,765.3023540394084,765.9154764634034,42.85714285714441,765.4775389835448,764.9374610164551,0.00070579283016659,766.6388217652633,,1,0,0,[762.4],[764.0],1,762.4,
2025-04-15 13:13:00,765.05,765.1,764.4,765.05,29129,765.1875,766.063,767.45125,765.1053027482894,765.2783203213695,765.8815362099366,50.0,765.440638198166,764.934361801834,0.000661637044949037,766.6253242259343,,1,1,0,[762.4],[764.0],1,762.4,
2025-04-15 13:14:00,765.1,765.1,764.7,764.75,7005,765.1625,766.013,767.43075,765.0342421986315,765.2280041002867,765.8371622409195,35.99999999999781,765.4801807401052,764.8448192598948,0.0008303614986494364,766.6221086376503,,1,0,0,[762.4],[764.0],1,762.4,
2025-04-15 13:15:00,764.8,765.1,764.7,765.1,11434,765.1524999999999,765.97,767.40825,765.0473937589053,765.2158132335927,765.8082539177462,44.827586206897095,765.4644969635514,764.8405030364485,0.0008155157659458757,766.6172288077257,,1,0,0,[762.4],[764.0],1,762.4,
2025-04-15 13:16:00,765.1,765.2,765.0,765.05,9495,765.13,765.922,767.38825,765.0479150071243,765.2000214970601,765.7785184699915,43.33333333333182,765.3983281573039,764.8616718426961,0.0007013923315094864,766.6134832070381,,1,0,0,[762.4],[764.0],1,762.4,
2025-04-15 13:17:00,765.15,765.3,765.05,765.15,5912,765.12,765.8770000000001,767.3695,765.0683320056995,765.1952575449592,765.7538706868546,45.16129032258159,765.3679388719273,764.8720611280727,0.0006481045376602819,766.6112867696872,,1,0,0,[762.4],[764.0],1,762.4,
2025-04-15 13:18:00,765.15,765.4,765.1,765.1,5746,765.1175000000001,765.826,767.35525,765.0746656045596,765.1861853978202,765.7282286991349,45.16129032258159,765.3651733842488,764.8698266157513,0.0006474126764810423,766.6092074967718,,1,0,1,[762.4],[764.0],1,762.4,
2025-04-15 13:19:00,765.1,765.1,764.9,765.0,12268,765.115,765.778,767.33925,765.0597324836477,765.1684534551706,765.6996707109336,45.16129032258159,765.3665216847446,764.8634783152554,0.0006574741960217815,766.6041614363818,,1,1,0,[762.4],[764.0],1,762.4,
2025-04-15 13:20:00,765.0,765.1,764.95,765.05,4441,765.1125,765.7289999999999,767.325,765.0577859869182,765.1571721737258,765.6741934281519,43.33333333333182,765.3656381981655,764.8593618018344,0.0006617019017870336,766.6023803566491,,1,0,0,[762.4],[764.0],1,762.4,
2025-04-15 13:21:00,765.1,765.3,764.95,765.3,16250,765.115,765.685,767.313,765.1062287895346,765.1707748238472,765.6595191760675,56.24999999999777,765.3747569714417,764.8552430285583,0.0006790011212475901,766.596517274421,,1,0,0,[762.4],[764.0],1,762.4,
2025-04-15 13:22:00,765.3,765.45,764.9,765.1,16445,765.1075,765.635,767.301,765.1049830316277,765.1640343644332,765.6375772475943,48.57142857142987,765.3593876106978,764.8556123893021,0.0006584371756853765,766.5904941586334,,1,0,1,[762.4],[764.0],1,762.4,
2025-04-15 13:23:00,765.2,765.4,765.0,765.0,12088,765.0925,765.5909999999999,767.29,765.0839864253022,765.1484120440109,765.6125742182769,44.44444444444304,765.3315221306686,764.8534778693313,0.0006248189092656709,766.5860478619185,,1,0,0,[762.4],[764.0],1,762.4,
2025-04-15 13:24:00,765.1,765.35,764.9,764.95,10844,765.0775,765.5440000000001,767.2779999999999,765.0571891402418,765.129515658867,765.5865909155995,45.714285714286085,765.3125251946223,764.8424748053777,0.0006143827118749853,766.5819001787087,,1,0,0,[762.4],[764.0],1,762.4,
2025-04-15 13:25:00,764.95,765.5,764.95,765.25,3637,765.0825,765.5060000000001,767.2665,765.0957513121934,765.1409903580226,765.5733912718505,56.410256410257006,765.3280391489889,764.8369608510111,0.0006418631951165594,766.5806665977531,,1,0,0,[762.4],[764.0],1,762.4,
2025-04-15 13:26:00,765.5,765.75,765.15,765.2,13206,765.08,765.466,767.25325,765.1166010497548,765.1466103239252,765.558748476876,55.00000000000171,765.3192972166506,764.8407027833495,0.0006255482214947044,766.5766477481905,,1,0,0,[762.4],[764.0],1,762.4,
2025-04-15 13:27:00,765.4,765.9,765.35,765.8,12930,765.115,765.4390000000001,767.2395,765.2532808398039,765.2088379121228,765.56820932092,64.70588235294275,765.516444759262,764.7135552407381,0.0010493710337974003,766.5737616620587,,1,0,0,[762.4],[764.0],1,762.4,
2025-04-15 13:28:00,765.7,766.0,765.55,765.85,27302,765.15,765.416,767.2239999999999,765.3726246718431,765.2699009681111,765.5792599357859,73.91304347826302,765.6691085476206,764.6308914523794,0.001356880474731987,766.5685189564967,,1,0,0,[762.4],[764.0],1,762.4,
2025-04-15 13:29:00,765.95,766.0,765.7,765.75,12058,765.1775,765.3919999999999,767.2017500000001,765.4480997374745,765.3156246854338,765.5859556245787,65.85365853658604,765.7619250435952,764.5930749564048,0.0015275541782009032,766.5662757774809,,1,0,0,[762.4],[764.0],1,762.4,
2025-04-15 13:30:00,765.8,765.85,765.3,765.55,9334,765.2,765.372,767.1785000000001,765.4684797899796,765.3379461439639,765.5845456000854,61.3636363636373,765.8061092484487,764.5938907515514,0.001584185176290279,766.5639724681376,,1,0,0,[762.4],[764.0],1,762.4,
2025-04-15 13:31:00,765.6,765.75,765.1,765.15,9939,765.2075,765.3439999999999,767.15625,765.4047838319838,765.3200465112054,765.5675045961606,50.0,765.8068636976892,764.6081363023108,0.0015665390046209102,766.5609604095429,,1,0,0,[762.4],[764.0],1,762.4,
2025-04-15 13:32:00,765.15,765.75,765.1,765.75,10181,765.245,765.337,767.1372500000001,765.4738270655871,765.3609944625192,765.574661278664,60.65573770491822,765.8823464727433,764.6076535272567,0.0016657318185503327,766.5583904368968,,1,0,0,[762.4],[764.0],1,762.4,
2025-04-15 13:33:00,765.65,765.9,765.4,765.85,7226,765.285,765.3309999999999,767.1185,765.5490616524697,765.4075664184697,765.5854588755792,63.93442622950929,765.9694898215402,764.6005101784598,0.001788849439202866,766.5568990171786,,1,0,0,[762.4],[764.0],1,762.4,
2025-04-15 13:34:00,765.85,765.95,765.3,765.5,8674,765.3225,765.3209999999999,767.0980000000001,765.5392493219758,765.4163696167108,765.5821075471251,56.71641791044863,765.9644337562172,764.6805662437828,0.001677550983323274,766.5548327128903,,1,0,1,[762.4],[764.0],1,762.4,
2025-04-15 13:35:00,765.55,765.65,765.25,765.4,5973,765.3374999999999,765.315,767.07825,765.5113994575808,765.4148106055954,765.5749660746889,51.5625000000004,765.971513946387,764.7034860536128,0.0016568218501957258,766.5531960211479,,1,0,0,[762.4],[764.0],1,762.4,
2025-04-15 13:36:00,765.4,765.65,764.5,764.7,37993,765.3199999999999,765.296,767.0545,765.3491195660647,765.3467334050625,765.540653679603,44.5945945945948,766.0047204577533,764.6352795422466,0.0017893703490130008,766.5384507527779,,1,1,0,[762.4],[764.0],1,762.4,
2025-04-15 13:37:00,764.75,764.9,764.55,764.75,10460,765.3,765.273,767.0345,765.2292956528518,765.2899016521994,765.5096476529519,46.5753424657533,766.0276494239764,764.5723505760235,0.0019016057075041393,766.5338914200364,,1,0,0,[762.4],[764.0],1,762.4,
2025-04-15 13:38:00,764.8,765.0,764.75,764.85,18346,765.2875,765.257,767.0145,765.1534365222815,765.2480062567519,765.4837791175421,48.64864864864832,766.0378507951566,764.5371492048434,0.001960964461477753,766.5265381586888,,1,0,0,[762.4],[764.0],1,762.4,
2025-04-15 13:39:00,764.95,765.0,764.7,765.0,6507,765.2875,765.24,766.995,765.1227492178252,765.2243866132517,765.4648073874424,46.478873239436574,766.0378507951566,764.5371492048434,0.001960964461477753,766.5239977085129,,1,0,0,[762.4],[764.0],1,762.4,
2025-04-15 13:40:00,765.0,765.0,764.85,764.9,7579,765.28,765.2230000000001,766.9704999999999,765.0781993742602,765.1934926500849,765.442658078131,45.83333333333241,766.0432341159776,764.5167658840223,0.001994653240585508,766.5210789812644,,1,0,0,[762.4],[764.0],1,762.4,
2025-04-15 13:41:00,765.0,765.0,764.85,765.0,7141,765.265,765.21,766.9454999999999,765.0625594994082,765.1750647786482,765.4252989378122,37.09677419354969,766.0383045971689,764.491695402831,0.002021011276274051,766.5183955473326,,1,0,0,[762.4],[764.0],1,762.4,
2025-04-15 13:42:00,765.0,765.75,764.9,765.4,114953,765.28,765.2079999999999,766.9240000000001,765.1300475995266,765.1964871806817,765.4243068226039,43.47826086956464,766.051464772196,764.5085352278039,0.0020161634230505296,766.4871301228309,,1,0,0,[762.4],[764.0],1,762.4,
2025-04-15 13:43:00,765.4,765.85,765.4,765.5,8041,765.3050000000001,765.209,766.9060000000001,765.2040380796213,765.225393163474,765.4272751825017,46.37681159420295,766.070643863894,764.5393561361061,0.0020008855656083683,766.485441538241,,1,0,0,[762.4],[764.0],1,762.4,
2025-04-15 13:44:00,765.5,765.65,765.25,765.35,13761,765.325,765.211,766.8872499999999,765.2332304636972,765.2372604812384,765.424244783188,47.05882352941275,766.0722757540791,764.577724245921,0.0019528324674590672,766.4820351682947,,1,0,0,[762.4],[764.0],1,762.4,
2025-04-15 13:45:00,765.4,765.9,764.8,764.85,40960,765.3050000000001,765.202,766.86525,765.1565843709577,765.2003785306443,765.4017253799258,45.71428571428636,766.0815646345166,764.5284353654836,0.002029425221360084,766.4698305449632,,1,0,1,[762.4],[764.0],1,762.4,
2025-04-15 13:46:00,764.85,765.0,764.6,765.0,31209,765.295,765.192,766.84525,765.1252674967662,765.1812948610592,765.3859714434582,37.7049180327867,766.0823339423935,764.5076660576065,0.002057595939849345,766.458432926199,,1,0,0,[762.4],[764.0],1,762.4,
2025-04-15 13:47:00,764.95,765.0,764.55,764.65,25712,765.2375,765.178,766.82375,765.0302139974131,765.1306953504821,765.3571098182246,31.818181818180875,766.0374177589322,764.4375822410677,0.0020906392039915043,766.4483874612038,,1,0,0,[762.4],[764.0],1,762.4,
2025-04-15 13:48:00,764.75,765.0,764.55,764.85,35172,765.1875,765.172,766.8045,764.9941711979304,765.10396245996,765.3372231586864,39.68253968253997,765.9503719972662,764.4246280027338,0.0019939478814439294,766.4353608731383,,1,0,0,[762.4],[764.0],1,762.4,
2025-04-15 13:49:00,764.85,765.0,764.6,764.6,12860,765.13,765.163,766.7852499999999,764.9153369583444,765.0559660352019,765.308312446581,37.878787878788394,765.8876973427168,764.3723026572832,0.001980571517825269,766.4304571177136,,1,0,0,[762.4],[764.0],1,762.4,
2025-04-15 13:50:00,764.65,765.0,764.6,764.8,5657,765.0925,765.1570000000002,766.76625,764.8922695666755,765.0315883175637,765.2883786251465,51.785714285712686,765.8367940844939,764.348205915506,0.0019456316314536046,766.4283933218322,,1,0,0,[762.4],[764.0],1,762.4,
2025-04-15 13:51:00,764.9,765.0,764.5,764.65,24312,765.0675,765.145,766.7470000000001,764.8438156533405,764.9952465730338,765.2633441692584,48.27586206896511,765.8368298519197,764.2981701480803,0.0020111424205568234,766.4191320600278,,1,1,0,[762.4],[764.0],1,762.4,
2025-04-15 13:52:00,764.75,765.0,764.75,764.85,4108,765.0225,765.1370000000002,766.72575,764.8450525226724,764.9814135660782,765.2471345939933,50.0,765.7262306602013,764.3187693397988,0.001839764608756592,766.4177140785141,,1,0,0,[762.4],[764.0],1,762.4,
2025-04-15 13:53:00,764.9,765.0,764.85,764.9,3584,764.975,765.1289999999999,766.7075,764.8560420181379,764.9736598931185,765.2335214726603,48.27586206896511,765.5621429486141,764.3878570513859,0.0015350644102463135,766.4165188947643,,1,0,0,[762.4],[764.0],1,762.4,
2025-04-15 13:54:00,765.0,765.0,764.85,764.85,6176,764.9425,765.1210000000001,766.6895,764.8548336145104,764.9618827604405,765.218481414909,49.12280701754463,765.4768712488344,764.4081287511656,0.0013971540314060681,766.4144409600276,,1,0,0,[762.4],[764.0],1,762.4,
2025-04-15 13:55:00,764.9,765.0,764.8,764.85,11097,764.9150000000001,765.115,766.67225,764.8538668916084,764.9512272594462,765.204031163344,47.27272727272758,765.4050053705419,764.4249946294583,0.0012812021480603213,766.4106806799739,,1,0,0,[762.4],[764.0],1,762.4,
2025-04-15 13:56:00,764.9,765.0,764.85,765.0,8951,764.9300000000001,765.11,766.6572499999999,764.8830935132868,764.9558722823562,765.196029941252,42.00000000000009,765.4105698371965,764.4494301628037,0.0012565067057022541,766.4077928192182,,1,0,0,[762.4],[764.0],1,762.4,
2025-04-15 13:57:00,764.9,765.0,764.8,764.85,6240,764.9350000000001,765.105,766.6415,764.8764748106295,764.945789207846,765.1824601396344,37.25490196078396,765.4097298400718,764.4602701599283,0.0012412292288148546,766.4056945958428,,1,0,0,[762.4],[764.0],1,762.4,
2025-04-15 13:58:00,764.9,765.0,764.8,764.8,4750,764.9325,765.0980000000001,766.6259999999999,764.8611798485036,764.9319045213845,765.167461702786,38.775510204079936,765.4096350906595,764.4553649093405,0.0012475220772016993,766.4040838145592,,1,0,0,[762.4],[764.0],1,762.4,
2025-04-15 13:59:00,764.95,765.0,764.75,764.95,5362,764.9300000000001,765.0930000000001,766.61175,764.8789438788029,764.9336279003003,765.1589337928729,52.3809523809529,765.40616892182,764.4538310781801,0.0012449999916854515,766.4023088793372,,1,0,0,[762.4],[764.0],1,762.4,
2025-04-15 14:00:00,764.85,765.0,764.7,764.85,11306,764.9275,765.0880000000001,766.597,764.8731551030423,764.9256633383669,765.146818742172,46.34146341463482,765.4048556546795,764.4501443453205,0.0012481069243281578,766.3984559459965,,1,0,0,[762.4],[764.0],1,762.4,
2025-04-15 14:01:00,764.8,765.0,764.8,764.8,12236,764.9175,765.0840000000001,766.58325,764.8585240824339,764.9136954013796,765.1332180071848,54.28571428571336,765.3968361637689,764.4381638362312,0.0012533016012023124,766.394352225116,,1,0,0,[762.4],[764.0],1,762.4,
2025-04-15 14:02:00,764.85,765.0,764.7,764.95,6592,764.8950000000001,765.0830000000001,766.5697500000001,764.8768192659471,764.9171529822006,765.1260329872953,52.94117647058863,765.3178972750742,764.472102724926,0.0011057655627872902,766.3921745151041,,1,0,0,[762.4],[764.0],1,762.4,
2025-04-15 14:03:00,764.95,765.0,764.7,764.7,16399,764.855,765.076,766.5529999999999,764.8414554127578,764.8964717458006,765.109325811323,52.94117647058863,765.1760181172159,764.5339818827841,0.0008394221577054094,766.3864864222105,,1,0,0,[762.4],[764.0],1,762.4,
2025-04-15 14:04:00,764.7,765.0,764.7,765.0,5549,764.8375,765.081,766.53625,764.8731643302062,764.9063315795338,765.1050385246044,55.55555555555626,765.0711776907617,764.6038223092382,0.0006110518659499247,766.384691648759,,1,0,0,[762.4],[764.0],1,762.4,
2025-04-15 14:05:00,765.0,765.0,764.7,764.9,18668,764.8399999999999,765.077,766.52,764.878531464165,764.9057285719591,765.0969977981493,57.14285714285621,765.0753049533148,764.604695046685,0.0006153050397857868,766.3785504920697,,1,0,0,[762.4],[764.0],1,762.4,
2025-04-15 14:06:00,764.95,765.0,764.75,764.9,4527,764.835,765.074,766.5045,764.882825171332,764.9051829936773,765.0892723943003,51.61290322580479,765.0600146194123,764.6099853805878,0.0005884004246988266,766.3770850711555,,1,0,0,[762.4],[764.0],1,762.4,
2025-04-15 14:07:00,765.0,765.0,764.6,764.95,56203,764.85,765.07,766.49375,764.8962601370656,764.9094512799937,765.0838107317787,51.61290322580834,765.0627513992824,764.6372486007176,0.000556321891305251,766.358727387127,,1,1,0,[762.4],[764.0],1,762.4,
2025-04-15 14:08:00,765.0,765.9,764.85,765.6,50687,764.8875,765.08,766.4859999999999,765.0370081096526,764.9752178247562,765.1040534481796,67.4418604651137,765.2846941060699,764.4903058939302,0.001038568694271596,766.3489810309926,,1,0,0,[762.4],[764.0],1,762.4,
2025-04-15 14:09:00,765.65,765.95,765.1,765.2,15468,764.9175,765.084,766.4744999999999,765.0696064877221,764.9966256509699,765.1078160580549,56.86274509803887,765.3138982580049,764.5211017419952,0.0010364470887510484,766.3459395193336,,1,0,1,[762.4],[764.0],1,762.4,
2025-04-15 14:10:00,765.4,765.65,765.05,765.1,13450,764.9325,765.085,766.4635000000001,765.0756851901778,765.006470827068,765.1075095459744,52.00000000000018,765.3328616785934,764.5321383214066,0.001046789562721973,766.342886593457,,1,0,0,[762.4],[764.0],1,762.4,
2025-04-15 14:11:00,765.05,765.35,764.65,764.7,19770,764.9350000000001,765.073,766.45,765.0005481521423,764.977283129252,765.0915287794656,47.27272727272803,765.3284998160929,764.5415001839073,0.0010288451073432354,766.3369121204979,,1,1,0,[762.4],[764.0],1,762.4,
2025-04-15 14:12:00,764.7,765.25,764.7,765.2,15673,764.9525000000001,765.075,766.4385000000001,765.0404385217139,764.9984942597994,765.09578255282,56.25000000000089,765.3609308870247,764.5440691129755,0.0010678594736916736,766.3327015737502,,1,0,0,[762.4],[764.0],1,762.4,
2025-04-15 14:13:00,765.25,765.55,764.85,764.85,23928,764.95,765.072,766.4245000000001,765.0023508173712,764.9843519493423,765.0861440213368,48.52941176470563,765.3603913408365,764.5396086591636,0.0010729886681127932,766.3264918770603,,1,0,1,[762.4],[764.0],1,762.4,
2025-04-15 14:14:00,764.95,765.35,764.85,765.2,11251,764.9675,765.077,766.41275,765.041880653897,765.0048898589288,765.0906089616766,54.794520547945254,765.3896187161549,764.545381283845,0.001103625228927909,766.323709928918,,1,0,0,[762.4],[764.0],1,762.4,
2025-04-15 14:15:00,765.15,765.35,764.85,765.05,21924,764.9775,765.0729999999999,766.39875,765.0435045231176,765.0091860628403,765.0890164533756,53.33333333333313,765.3973684004378,764.5576315995621,0.0010977274506448864,766.3180999089338,,1,0,0,[762.4],[764.0],1,762.4,
2025-04-15 14:16:00,765.05,765.35,764.9,764.9,14325,764.9725000000001,765.067,766.38325,765.014803618494,764.9987873901888,765.0816040434394,49.33333333333245,765.3936200603928,764.5513799396074,0.0011010070568358873,766.3143634722866,,1,0,0,[762.4],[764.0],1,762.4,
2025-04-15 14:17:00,765.0,765.0,764.55,764.65,12778,764.9625,765.044,766.36675,764.9418428947953,764.9655695435041,765.0646783946771,49.33333333333245,765.4048323351722,764.5201676648278,0.0011564810959287075,766.3102189679194,,1,1,0,[762.4],[764.0],1,762.4,
2025-04-15 14:18:00,764.7,764.9,764.6,764.65,13637,764.955,765.02,766.3509999999999,764.8834743158362,764.9355153012656,765.0484164968467,44.92753623188397,765.4137167455343,764.4962832544658,0.0011993300142734541,766.3057732547675,,1,0,0,[762.4],[764.0],1,762.4,
2025-04-15 14:19:00,764.7,765.15,764.65,765.05,11332,764.9599999999999,765.0059999999999,766.3380000000001,764.916779452669,764.946418605907,765.0484785950096,51.99999999999964,765.420663137572,764.4993368624279,0.0012044110478248676,766.3026374843442,,1,0,0,[762.4],[764.0],1,762.4,
2025-04-15 14:20:00,765.15,765.3,764.7,764.7,14486,764.9525,764.989,766.3232499999999,764.8734235621353,764.9229501672492,765.0348127677543,47.560975609756944,765.425424829903,764.479575170097,0.0012364815590589899,766.2985026092673,,1,0,1,[762.4],[764.0],1,762.4,
2025-04-15 14:21:00,764.7,765.0,764.65,764.75,7954,764.95,764.9810000000001,766.3077499999999,764.8487388497083,764.9064787227493,765.023643639607,47.56097560975549,765.4268316485455,764.4731683514545,0.001246700172679257,766.2960809716328,,1,0,0,[762.4],[764.0],1,762.4,
2025-04-15 14:22:00,764.75,765.0,764.3,764.8,29717,764.9424999999999,764.962,766.2925,764.8389910797666,764.8963378920113,765.014873300799,38.57142857142722,765.4240271758214,764.4609728241784,0.0012589892072188372,766.2865021585483,,1,1,0,[762.4],[764.0],1,762.4,
2025-04-15 14:23:00,764.95,765.3,764.85,765.05,11493,764.96,764.946,766.278,764.8811928638133,764.9109723784863,765.0162508184147,47.76119402984933,765.429714358892,764.490285641108,0.0012280756088998636,766.2836774110439,,1,0,1,[762.4],[764.0],1,762.4,
2025-04-15 14:24:00,764.95,765.1,764.5,764.85,21811,764.9525000000001,764.933,766.26325,764.8749542910507,764.9051654852972,765.009731178477,46.37681159420271,765.4243106221356,764.4806893778646,0.00123356841669394,766.2772586758418,,1,0,0,[762.4],[764.0],1,762.4,
2025-04-15 14:25:00,765.0,765.2,764.7,765.05,12919,764.96,764.926,766.25,764.9099634328405,764.9189592486022,765.0113103479484,55.384615384614364,765.4330639213533,764.4869360786467,0.0012368330928500492,766.2739139953361,,1,0,0,[762.4],[764.0],1,762.4,
2025-04-15 14:26:00,765.1,765.35,765.1,765.3,9491,764.9799999999999,764.9379999999999,766.238,764.9879707462725,764.9552488439733,765.022631510774,51.66666666666528,765.4756654219615,764.4843345780383,0.001295891191826128,766.2719732523534,,1,0,1,[762.4],[764.0],1,762.4,
2025-04-15 14:27:00,765.2,765.2,764.9,765.0,12856,764.9825,764.9429999999999,766.224,764.990376597018,764.959510858833,765.0217440005475,52.5423728813558,765.4780326745845,764.4869673254154,0.001295539896885286,766.2688012761773,,1,0,0,[762.4],[764.0],1,762.4,
2025-04-15 14:28:00,765.05,765.25,765.0,765.2,9428,764.9625,764.95,766.212,765.0323012776145,764.9824145865632,765.0287344318987,50.0,765.3790964853199,764.54590351468,0.0010891945299800407,766.266704091568,,1,0,0,[762.4],[764.0],1,762.4,
2025-04-15 14:29:00,765.25,765.35,764.95,765.15,16823,764.9599999999999,764.953,766.2014999999999,765.0558410220916,764.9983751021286,765.0334899443733,51.85185185185247,765.3711601045588,764.548839895441,0.0010749845862761892,766.2629814134062,,1,0,1,[762.4],[764.0],1,762.4,
2025-04-15 14:30:00,765.15,765.2,764.8,764.9,21370,764.95,764.9529999999999,766.191,765.0246728176733,764.9890060447831,765.028255044594,50.0,765.3565257161567,764.5434742838434,0.0010628817992200622,766.2575151102085,,1,0,0,[762.4],[764.0],1,762.4,
2025-04-15 14:31:00,764.95,765.05,764.6,764.65,12758,764.9475,764.9459999999999,766.17975,764.9497382541387,764.9567197548038,765.0134215134334,50.0,765.3610532804748,764.5339467195251,0.0010812592510593044,766.2537713942968,,1,0,0,[762.4],[764.0],1,762.4,
2025-04-15 14:32:00,764.9,765.2,764.65,765.0,11162,764.9375,764.938,766.1705000000001,764.9597906033109,764.9608416829177,765.0128951795733,55.55555555555636,765.33469410607,764.54030589393,0.0010385008084188485,766.2509132959954,,1,0,0,[762.4],[764.0],1,762.4,
2025-04-15 14:33:00,764.9,764.95,764.5,764.5,17496,764.9200000000001,764.918,766.15875,764.8678324826487,764.9169519988303,764.9927816431195,41.538461538461654,765.3617667877273,764.4782332122728,0.0011550666415501244,766.2454311508088,,1,0,0,[762.4],[764.0],1,762.4,
2025-04-15 14:34:00,764.6,764.8,764.3,764.75,18571,764.8975,764.906,766.1485,764.844265986119,764.9010518084655,764.9832607943698,50.7936507936501,765.3248233707158,764.4701766292843,0.0011173349912000654,766.2395323758869,,1,0,0,[762.4],[764.0],1,762.4,
2025-04-15 14:35:00,764.75,764.9,764.45,764.55,12826,764.8725000000001,764.9,766.1357499999999,764.7854127888952,764.8676183028973,764.9662701749828,46.96969696969624,765.3202722635469,764.4247277364532,0.0011708415809089249,766.2355248723533,,1,0,0,[762.4],[764.0],1,762.4,
2025-04-15 14:36:00,764.65,764.75,764.25,764.5,18470,764.8525,764.89,766.12125,764.7283302311162,764.8326070359548,764.9479850700816,45.45454545454608,765.3298556546796,764.3751443453203,0.0012482293113499066,766.2293115561665,,1,1,0,[762.4],[764.0],1,762.4,
2025-04-15 14:37:00,764.55,764.8,764.4,764.7,16796,764.8549999999999,764.891,766.1105,764.722664184893,764.8199777944353,764.9382601653725,44.61538461538602,765.3283975740958,764.381602425904,0.001237875346558195,766.2241325437762,,1,0,0,[762.4],[764.0],1,762.4,
2025-04-15 14:38:00,764.7,764.75,764.5,764.5,18931,764.8475000000001,764.8839999999999,766.0985000000001,764.6781313479145,764.7895037187748,764.9210734922207,44.61538461538446,765.3389800418948,764.3560199581053,0.0012851713364945578,766.2181531442823,,1,0,0,[762.4],[764.0],1,762.4,
2025-04-15 14:39:00,764.65,764.75,764.25,764.3,33328,764.8100000000001,764.878,766.08575,764.6025050783315,764.7428843169866,764.8967176689963,38.46153846153927,765.3486142062366,764.2713857937636,0.0014084915370784965,766.2067754347178,,1,0,0,[762.4],[764.0],1,762.4,
2025-04-15 14:40:00,764.45,764.6,764.2,764.3,40615,764.79,764.8679999999999,766.0732500000001,764.5420040626652,764.700704858226,764.8733169760945,33.33333333333459,765.3736365126937,764.2063634873062,0.0015262660670085,766.1925907273048,,1,0,0,[762.4],[764.0],1,762.4,
2025-04-15 14:41:00,764.4,764.8,764.15,764.7,36168,764.7875,764.8690000000001,766.0634999999999,764.5736032501322,764.7006377288711,764.866520231934,45.16129032258195,765.3722851607321,764.202714839268,0.001529274891998244,766.181391882638,,1,0,0,[762.4],[764.0],1,762.4,
2025-04-15 14:42:00,764.7,765.0,764.4,764.95,31948,764.7950000000001,764.8709999999999,766.05625,764.6488826001058,764.7243865165977,764.8697939483288,46.03174603174644,765.3842903850367,764.2057096149634,0.0015410414164230511,766.1730227435826,,1,0,0,[762.4],[764.0],1,762.4,
2025-04-15 14:43:00,764.95,765.0,763.9,764.75,169242,764.78,764.868,766.04675,764.6691060800847,764.7268258959693,764.8650961464336,43.93939393939483,765.3571071231416,764.2028928768583,0.001509210813937793,766.1231358874066,,1,0,0,[762.4],[764.0],1,762.4,
2025-04-15 14:44:00,764.75,764.75,763.85,763.9,28594,764.7325,764.8489999999999,766.03125,764.5152848640678,764.6480805725437,764.8272492387304,37.179487179488234,765.4293160672521,764.0356839327478,0.001822378589250865,766.1130281998901,,1,0,0,[762.4],[764.0],1,762.4,764.0
2025-04-15 14:45:00,764.05,764.35,763.95,764.15,26277,764.6875,764.835,766.016,764.4422278912542,764.6006443275395,764.8006904450547,43.58974358974411,765.4136107643515,763.9613892356485,0.0018991045737022263,766.1037524465758,,1,0,0,[762.4],[764.0],1,762.4,
2025-04-15 14:46:00,764.15,764.35,763.85,763.95,16477,764.6200000000001,764.814,765.99825,764.3437823130034,764.5386782011071,764.7673300354447,36.00000000000146,765.3572780665193,763.882721933481,0.0019284822958309706,766.0976852479372,,1,0,0,[762.4],[764.0],1,762.4,764.0
2025-04-15 14:47:00,763.95,764.3,763.85,764.0,21473,764.57,764.797,765.982,764.2750258504028,764.4873755152875,764.7372386615058,42.42424242424285,765.3339233910349,763.8060766089652,0.001998308568305941,766.0898320037095,,1,0,0,[762.4],[764.0],1,762.4,
2025-04-15 14:48:00,764.0,764.35,764.0,764.15,20664,764.5175,764.784,765.96525,764.2500206803223,764.4552445138315,764.7142096943879,40.625000000000114,765.2424500890273,763.7925499109728,0.0018964905029048736,766.0827602960602,,1,0,0,[762.4],[764.0],1,762.4,
2025-04-15 14:49:00,764.15,764.35,764.1,764.15,15641,764.4675,764.768,765.9485,764.2300165442579,764.4261736077523,764.6920838240198,43.33333333333397,765.1451701573088,763.7898298426911,0.0017729207776886605,766.0775345807884,,1,0,0,[762.4],[764.0],1,762.4,
2025-04-15 14:50:00,764.25,764.35,764.15,764.3,15650,764.4375,764.757,765.93425,764.2440132354063,764.4141570736806,764.6767079877837,46.774193548386506,765.0870950155382,763.7879049844618,0.0016995372820884345,766.0725194428927,,1,0,0,[762.4],[764.0],1,762.4,
2025-04-15 14:51:00,764.25,764.35,764.1,764.2,25992,764.415,764.745,765.9202499999999,764.2352105883251,764.3937611619015,764.6580135568903,41.66666666666667,765.0647772897827,763.7652227102172,0.0017000642053929319,766.0640223185186,,1,0,0,[762.4],[764.0],1,762.4,
2025-04-15 14:52:00,764.35,764.35,764.0,764.3,20473,764.3799999999999,764.732,765.9077500000001,764.2481684706601,764.3848315274347,764.6439738095613,46.55172413793009,764.9697367833921,763.7902632166076,0.0015430460854346125,766.0573840113092,,1,1,0,[762.4],[764.0],1,762.4,
2025-04-15 14:53:00,764.35,764.35,764.15,764.25,25887,764.3675,764.7229999999998,765.8957500000001,764.2485347765281,764.3719904295838,764.6285238562452,49.09090909090984,764.9571252154873,763.7778747845126,0.0015427793973117145,766.0492089939414,,1,0,0,[762.4],[764.0],1,762.4,
2025-04-15 14:54:00,764.3,764.35,764.2,764.3,22481,764.345,764.709,765.8845,764.2588278212226,764.3651341981948,764.615640567765,50.0,764.9068578205632,763.7831421794368,0.0014701681061908033,766.0422997631345,,1,0,0,[762.4],[764.0],1,762.4,
2025-04-15 14:55:00,764.3,764.35,764.05,764.35,33284,764.3349999999999,764.698,765.87375,764.2770622569781,764.3636928459858,764.6052232905978,42.85714285714154,764.8885531163612,763.7814468836386,0.001448456805880369,766.0319771039806,,1,0,0,[762.4],[764.0],1,762.4,
2025-04-15 14:56:00,764.2,764.35,764.05,764.3,24069,764.325,764.686,765.8615,764.2816498055824,764.3576268606538,764.59325374979,35.555555555552075,764.8732028053478,763.7767971946523,0.001434475662441312,766.0245170220114,,1,0,0,[762.4],[764.0],1,762.4,
2025-04-15 14:57:00,764.3,764.7,764.1,764.45,50033,764.3124999999999,764.6759999999999,765.84675,764.315319844466,764.3664243024963,764.5876359556806,43.18181818181865,764.8355225918452,763.7894774081545,0.0013686092844100997,766.0107729879542,,1,0,1,[762.4],[764.0],1,762.4,
2025-04-15 14:58:00,764.45,764.65,764.0,764.05,20945,764.2900000000001,764.645,765.8305,764.2622558755728,764.3362886546395,764.5665521927128,54.285714285713915,764.8177559244492,763.7622440755509,0.0013810357964886065,766.0044352253993,,1,0,0,[762.4],[764.0],1,762.4,
2025-04-15 14:59:00,764.05,764.5,764.0,764.3,16903,764.29,764.627,765.81275,764.2698047004583,764.3328325922929,764.5560991655476,54.285714285713915,764.8177559244491,763.7622440755508,0.0013810357964886067,765.9994490385715,,1,0,0,[762.4],[764.0],1,762.4,
2025-04-15 15:01:00,763.2,763.6,762.85,763.45,53634,764.2475000000001,764.594,765.78875,764.1058437603667,764.2487532977889,764.512722727683,39.58333333333274,764.8951475649787,763.5998524350214,0.0016948634178814675,765.9750938202998,,1,1,0,[762.4],[764.0],1,762.4,764.0
2025-04-15 15:02:00,763.5,763.55,763.05,763.5,47310,764.1875,764.57,765.76675,763.9846750082934,764.1774434599042,764.4730081109111,39.58333333333274,764.8794651649291,763.4955348350709,0.0018109826840379238,765.9544986339098,,1,0,0,[762.4],[764.0],1,762.4,764.0
2025-04-15 15:03:00,763.5,764.0,763.4,764.0,37866,764.14,764.546,765.7442500000001,763.9877400066348,764.1605440827705,764.4544587732283,47.27272727272758,764.7352443107459,763.5447556892541,0.0015579456925325138,765.9409687575923,,1,0,0,[762.4],[764.0],1,762.4,
2025-04-15 15:04:00,763.95,764.0,763.4,763.6,49327,764.0825,764.5210000000001,765.71675,763.9101920053079,764.1071589320304,764.420950586043,41.26984126984161,764.651224334298,763.5137756657019,0.0014886464074181877,765.9225146644222,,1,0,0,[762.4],[764.0],1,762.4,764.0
2025-04-15 15:05:00,763.6,763.7,763.5,763.7,40132,764.0725,764.4909999999999,765.6915000000001,763.8681536042463,764.0683818908847,764.3926780140413,40.32258064516247,764.6614106803883,763.4835893196117,0.0015415047142470562,765.9075014658671,,1,0,0,[762.4],[764.0],1,762.4,764.0
2025-04-15 15:06:00,763.65,763.75,762.75,762.75,69016,764.0024999999999,764.445,765.6620000000001,763.6445228833971,763.9428217108004,764.3282592683926,31.6455696202528,764.8350452413827,763.1699547586172,0.0021794306730219285,765.8760042779928,,1,0,0,[762.4],[764.0],1,762.4,764.0
2025-04-15 15:07:00,762.75,762.85,762.4,762.75,54324,763.9424999999999,764.4019999999999,765.6327500000001,763.4656183067177,763.8292196431051,764.2663667480634,29.87012987013118,764.9463216448844,762.9386783551154,0.002628003141295348,765.848076090499,,1,1,0,[762.4],[764.0],1,762.4,764.0
2025-04-15 15:08:00,762.75,763.0,762.55,762.6,45437,763.8725,764.3610000000001,765.6044999999999,763.2924946453742,763.7121511056665,764.2010190324531,29.11392405063404,765.0411587003468,762.703841299653,0.003059826608097283,765.825448645395,,1,0,0,[762.4],[764.0],1,762.4,764.0
2025-04-15 15:09:00,762.6,763.0,762.6,762.95,52274,763.8125,764.327,765.57825,763.2239957162993,763.6395652860792,764.151959462553,34.117647058825455,765.0427652687857,762.5822347312143,0.0032213802963049934,765.8009168842561,,1,0,0,[762.4],[764.0],1,762.4,764.0
2025-04-15 15:10:00,762.95,763.2,762.9,763.05,50231,763.7574999999999,764.2870000000001,765.5534999999999,763.1891965730395,763.5834162112145,764.1087453659824,34.883720930232,765.0221093634426,762.4928906365573,0.0033115468285225963,765.7792940466348,,1,0,0,[762.4],[764.0],1,762.4,764.0
2025-04-15 15:11:00,763.0,763.05,762.75,762.8,65702,763.6825,764.2489999999999,765.52825,763.1113572584316,763.5088051434798,764.0574220182968,33.33333333333333,764.9888710281384,762.3761289718616,0.0034212412308476745,765.7496536057894,,1,0,0,[762.4],[764.0],1,762.4,764.0
2025-04-15 15:12:00,762.8,763.4,762.75,763.4,123573,763.6425,764.222,765.507,763.1690858067453,763.4984427488627,764.0316407626774,39.39393939393856,764.9310222053523,762.3539777946478,0.003374673896102564,765.7014564194264,,1,0,0,[762.4],[764.0],1,762.4,764.0
2025-04-15 15:13:00,763.35,763.55,763.2,763.45,50462,763.6,764.195,765.4865000000001,763.2252686453963,763.4938291537329,764.0088313210038,43.47826086956607,764.8527863681459,762.3472136318542,0.003281263405306046,765.6839403580218,,1,0,0,[762.4],[764.0],1,762.4,764.0
2025-04-15 15:14:00,763.45,763.65,763.2,763.65,53259,763.5699999999999,764.1669999999999,765.4652500000001,763.3102149163171,763.5087025676631,763.9947595044938,42.857142857142854,764.7854271503863,762.3545728496135,0.0031835382489788858,765.6665371865312,,1,0,0,[762.4],[764.0],1,762.4,764.0
2025-04-15 15:15:00,763.65,763.9,763.25,763.3,66909,763.52,764.1360000000001,765.44225,763.3081719330537,763.4888261326475,763.9675140337293,48.148148148147,764.6904250240163,762.3495749759836,0.0030658660520126975,765.644897681348,,1,0,0,[762.4],[764.0],1,762.4,764.0
2025-04-15 15:16:00,763.35,763.75,763.2,763.6,70573,763.4825000000001,764.107,765.4195,763.3665375464429,763.4994141200144,763.9531017186812,51.162790697674666,764.5871671325273,762.3778328674729,0.002893758881250578,765.6228781007408,,1,0,0,[762.4],[764.0],1,762.4,764.0
2025-04-15 15:17:00,763.65,764.0,763.2,763.2,60558,763.4275,764.065,765.3935,763.3332300371544,763.4708984895368,763.9235683179486,40.47619047619112,764.4684889023129,762.3865110976872,0.0027271454127938727,765.6039033604093,,1,0,1,[762.4],[764.0],1,762.4,764.0
2025-04-15 15:18:00,763.2,763.2,762.7,762.9,103187,763.35,764.023,765.3660000000001,763.2465840297235,763.416527204819,763.8834283839115,41.46341463414607,764.2970174788593,762.4029825211408,0.002481214328576055,765.5644505311976,,1,0,0,[762.4],[764.0],1,762.4,764.0
2025-04-15 15:19:00,762.9,763.0,762.7,763.0,54963,763.2974999999999,763.9789999999999,765.33875,763.1972672237788,763.3768579472172,763.848784133562,41.46341463414607,764.1963150093619,762.3986849906379,0.0023550843789269865,765.5436476639004,,1,0,0,[762.4],[764.0],1,762.4,764.0
2025-04-15 15:20:00,763.0,763.45,762.9,763.2,79778,763.2425000000001,763.94,765.31375,763.1978137790231,763.3600143331965,763.8233416185204,56.716417910448165,764.0077141083259,762.4772858916742,0.002005166400785689,765.5171989777355,,1,0,0,[762.4],[764.0],1,762.4,764.0
2025-04-15 15:21:00,763.2,763.85,763.1,763.85,71687,763.2625,763.9190000000001,765.2919999999999,763.3282510232185,763.4066796347969,763.8243870452451,63.74999999999989,764.0702747210714,762.4547252789287,0.0021166367300145946,765.498086912615,,1,0,0,[762.4],[764.0],1,762.4,764.0
2025-04-15 15:22:00,763.8,764.0,763.5,763.65,69593,763.27,763.8990000000001,765.2695,763.3926008185748,763.4298530029115,763.8175483375884,62.96296296296182,764.089756061278,762.450243938722,0.002148010694192056,765.481012362784,,1,0,1,[762.4],[764.0],1,762.4,764.0
2025-04-15 15:23:00,763.65,763.8,763.5,763.8,56143,763.26,763.875,765.2507499999999,763.4740806548599,763.4651050978723,763.8168601674869,61.038961038959464,764.0464644402587,762.4735355597413,0.002060803501450801,765.4673465754386,,1,0,0,[762.4],[764.0],1,762.4,764.0
2025-04-15 15:24:00,763.75,763.8,763.0,763.45,76247,763.2524999999999,763.854,765.2304999999999,763.469264523888,763.4636665171225,763.8024734942521,54.878048780488754,764.0280982410893,762.4769017589106,0.002032350345631018,765.4461975416012,,1,1,0,[762.4],[764.0],1,762.4,764.0
2025-04-15 15:25:00,763.5,764.75,763.4,764.75,190637,763.3050000000001,763.854,765.2179999999998,763.7254116191104,763.5861744678728,763.8396313964383,68.93203883495156,764.314898379464,762.2951016205361,0.002646120173361757,765.4173851062554,,1,0,0,[762.4],[764.0],1,762.4,
2025-04-15 15:26:00,764.7,765.1,764.2,764.55,75735,763.395,763.8539999999999,765.20675,763.8903292952884,763.6779673756944,763.8674889887349,62.10526315789421,764.5118093650649,762.2781906349351,0.0029259017024342833,765.4094678586976,,1,0,0,[762.4],[764.0],1,762.4,
2025-04-15 15:27:00,764.65,764.75,764.15,764.5,39741,763.4825,763.8539999999999,765.193,764.0122634362308,763.7562561970568,763.8922933421178,61.052631578946894,764.6591477807746,762.3058522192254,0.003082317619001356,765.4046014431058,,1,0,0,[762.4],[764.0],1,762.4,
2025-04-15 15:28:00,764.4,764.9,764.1,764.15,37047,763.5600000000001,763.8430000000001,765.1782499999999,764.0398107489847,763.7937556068609,763.9023994855642,55.102040816326436,764.6953645368695,762.4246354631306,0.0029738711741565146,765.3997108853648,,1,0,0,[762.4],[764.0],1,762.4,
2025-04-15 15:29:00,764.45,764.75,764.15,764.5,29866,763.6375,763.8430000000001,765.16425,764.1318485991878,763.861016977636,763.9258347998558,62.24489795918391,764.8085881130056,762.4664118869945,0.0030671309698792077,765.3961227278528,,1,0,0,[762.4],[764.0],1,762.4,
